orderCode,sku,quantity,pricePerUnit,discountAmount
ORD-2024-101,ADIDAS-BALL,1,1726.8,94.31
ORD-2024-101,SAMSUNG-WATCH,3,2214.92,51.6
ORD-2024-101,SAMSUNG-WATCH,1,2187.93,91.37
ORD-2024-102,NIKE-AIRMAX,2,1811.75,97.48
ORD-2024-103,ADIDAS-SOCKS,1,535.22,87.28
ORD-2024-103,NIKE-HOODIE,2,1957.45,43.19
ORD-2024-103,ADIDAS-SWEATSHIRT,1,1327.12,155.71
ORD-2024-104,NIKE-DRI-FIT,1,949.03,141.12
ORD-2024-104,NIKE-JORDAN,2,52.06,9.86
ORD-2024-104,ADIDAS-BEANIE,1,2355.61,245.88
ORD-2024-105,ADIDAS-STANSMITH,3,1283.05,16.02
ORD-2024-106,SONY-WH1000XM4,3,1697.94,304.7
ORD-2024-107,NIKE-SOCKS,2,378.5,7.64
ORD-2024-108,IPHONE-15-PRO,1,322.37,23.38
ORD-2024-109,NIKE-AIRFORCE,2,251.64,22.7
ORD-2024-110,SAMSUNG-BUDS,1,732.68,37.67
ORD-2024-110,SONY-WH1000XM5,3,507.48,56.84
ORD-2024-111,IPHONE-15-128,3,1023.98,24.83
ORD-2024-112,IPAD-PRO,1,1999.41,134.6
ORD-2024-112,NIKE-SOCKS,2,2091.22,298.03
ORD-2024-112,NIKE-BOTTLE,3,1458.62,133.79
ORD-2024-113,MACBOOK-PRO,2,2175.88,326.84
ORD-2024-113,SAMSUNG-WATCH,2,225.67,34.39
ORD-2024-114,NIKE-BALL,2,1839.98,323.48
ORD-2024-115,ADIDAS-ULTRABOOST,2,808.0,1.29
ORD-2024-115,ADIDAS-SHORTS,1,2389.99,257.3
ORD-2024-115,ADIDAS-GLOVES,2,121.73,10.2
ORD-2024-116,IPAD-PRO,2,1679.56,236.52
ORD-2024-116,AIRPODS-PRO,2,459.6,7.19
ORD-2024-117,NIKE-BOTTLE,1,149.0,24.55
ORD-2024-117,ADIDAS-STANSMITH,2,84.64,16.23
ORD-2024-118,NIKE-DRI-FIT,1,1605.88,96.28
ORD-2024-118,SONY-WH1000XM5,2,875.36,173.46
ORD-2024-119,NIKE-BAG,2,781.33,22.27
ORD-2024-119,AIRPODS-PRO,3,1051.79,118.13
ORD-2024-119,NIKE-BAG,1,2231.94,23.48
ORD-2024-120,NIKE-LEGGINGS,3,1829.96,235.12
ORD-2024-120,NIKE-AIRMAX,2,351.0,53.15
ORD-2024-120,NIKE-BALL,2,692.3,123.37
ORD-2024-121,IPHONE-15-256,1,559.22,24.52
ORD-2024-122,IPHONE-15-256,3,539.87,7.14
ORD-2024-123,AIRPODS-MAX,1,1714.53,131.52
ORD-2024-123,ADIDAS-BALL,3,1131.8,211.26
ORD-2024-124,ADIDAS-BEANIE,1,263.07,48.82
ORD-2024-124,SAMSUNG-TAB,1,676.99,90.75
ORD-2024-124,NIKE-LEGGINGS,3,2226.15,396.04
ORD-2024-125,ADIDAS-ULTRABOOST,2,1746.18,174.19
ORD-2024-126,NIKE-GLOVES,2,21.03,2.93
ORD-2024-126,SAMSUNG-WATCH,2,1003.63,25.33
ORD-2024-127,ADIDAS-BAG,1,310.38,23.76
ORD-2024-127,ADIDAS-SHORTS,3,872.22,93.0
ORD-2024-127,AIRPODS-PRO,1,506.55,50.01
ORD-2024-128,IPHONE-15-256,2,277.89,2.16
ORD-2024-128,NIKE-LEGGINGS,2,2281.51,24.35
ORD-2024-129,ADIDAS-SHORTS,2,1746.26,18.08
ORD-2024-130,SAMSUNG-WATCH,3,935.49,43.67
ORD-2024-130,MACBOOK-AIR,2,922.55,80.54
ORD-2024-131,AIRPODS-MAX,1,2151.88,115.98
ORD-2024-131,ADIDAS-TRACK,3,2355.68,51.45
ORD-2024-131,NIKE-GLOVES,2,2361.39,204.39
ORD-2024-132,AIRPODS-MAX,1,1892.72,169.43
ORD-2024-133,NIKE-CAP,2,2055.22,396.28
ORD-2024-133,SAMSUNG-S24,3,928.41,85.29
ORD-2024-134,ADIDAS-TRACK,2,639.02,28.14
ORD-2024-134,NIKE-HOODIE,2,618.26,88.81
ORD-2024-134,IPHONE-15-128,1,2237.28,2.17
ORD-2024-135,IPHONE-15-256,3,483.19,63.14
ORD-2024-135,NIKE-BOTTLE,2,2446.01,299.97
ORD-2024-135,NIKE-HOODIE,3,861.17,33.88
ORD-2024-136,IPHONE-15-128,2,2021.32,263.8
ORD-2024-136,MACBOOK-AIR,3,332.12,0.33
ORD-2024-136,AIRPODS-MAX,1,1988.1,76.28
ORD-2024-137,AIRPODS-PRO,1,941.79,133.9
ORD-2024-137,NIKE-JORDAN,3,2311.86,453.05
ORD-2024-138,APPLE-WATCH,3,2230.9,432.48
ORD-2024-139,ADIDAS-SOCKS,2,1560.83,183.16
ORD-2024-139,SONY-WH1000XM5,2,230.71,40.89
ORD-2024-139,SAMSUNG-BUDS,1,2360.62,213.9
ORD-2024-140,NIKE-GLOVES,1,2359.32,258.71
ORD-2024-140,ADIDAS-ULTRABOOST,3,183.9,13.19
ORD-2024-140,AIRPODS-MAX,1,1257.34,234.14
ORD-2024-141,NIKE-HOODIE,2,1241.31,145.43
ORD-2024-141,NIKE-SOCKS,2,107.18,9.27
ORD-2024-141,ADIDAS-SOCKS,3,1689.66,239.36
ORD-2024-142,ADIDAS-TRACK,3,2009.47,208.1
ORD-2024-143,ADIDAS-BAG,1,959.49,157.29
ORD-2024-143,ADIDAS-ULTRABOOST,3,564.89,89.01
ORD-2024-144,ADIDAS-BAG,2,155.39,17.59
ORD-2024-145,ADIDAS-BEANIE,2,1859.98,76.64
ORD-2024-145,MACBOOK-PRO,2,2469.53,154.07
ORD-2024-145,ADIDAS-SHORTS,2,715.71,26.17
ORD-2024-146,ADIDAS-TRACK,2,828.13,21.36
ORD-2024-147,NIKE-DRI-FIT,1,729.86,86.75
ORD-2024-147,NIKE-LEGGINGS,1,2407.99,406.35
ORD-2024-147,IPAD-PRO,3,694.82,132.1
ORD-2024-148,ADIDAS-TRACK,1,2339.27,329.16
ORD-2024-149,SONY-WH1000XM5,2,450.27,73.02
ORD-2024-150,NIKE-BAG,1,1783.65,110.68
ORD-2024-150,IPAD-PRO,3,2026.51,125.56
ORD-2024-150,IPHONE-15-PRO,3,247.8,6.07
ORD-2024-151,ADIDAS-SHORTS,3,455.23,13.16
ORD-2024-151,MACBOOK-PRO,3,428.63,21.51
ORD-2024-152,NIKE-DRI-FIT,1,992.0,45.26
ORD-2024-152,ADIDAS-BALL,2,1719.8,185.99
ORD-2024-152,MACBOOK-PRO,3,221.1,36.65
ORD-2024-153,ADIDAS-SOCKS,1,1019.31,3.08
ORD-2024-153,APPLE-WATCH,3,2439.47,446.75
ORD-2024-154,MACBOOK-PRO,1,940.1,132.18
ORD-2024-154,ADIDAS-STANSMITH,2,2170.51,189.11
ORD-2024-154,ADIDAS-SHORTS,1,1264.65,165.87
ORD-2024-155,ADIDAS-BOTTLE,2,143.32,27.57
ORD-2024-155,ADIDAS-STANSMITH,1,1244.34,120.68
ORD-2024-155,MACBOOK-AIR,1,1363.07,94.1
ORD-2024-156,NIKE-JORDAN,2,2397.81,229.41
ORD-2024-156,MACBOOK-PRO,1,1219.92,133.9
ORD-2024-156,SONY-WH1000XM5,2,1289.81,240.24
ORD-2024-157,SAMSUNG-BUDS,1,1396.61,159.84
ORD-2024-157,NIKE-HOODIE,1,1513.05,70.32
ORD-2024-158,NIKE-GLOVES,3,1196.0,149.39
ORD-2024-158,NIKE-AIRMAX,2,2284.05,403.35
ORD-2024-159,ADIDAS-TRACK,3,568.98,82.9
ORD-2024-160,IPHONE-15-PRO,1,2183.61,146.69
ORD-2024-160,IPHONE-15-PRO,3,1303.83,95.9
ORD-2024-160,SAMSUNG-TAB,2,2125.8,247.29
ORD-2024-161,IPHONE-15-PRO,2,150.57,17.98
ORD-2024-161,NIKE-BOTTLE,2,797.94,13.27
ORD-2024-162,MACBOOK-PRO,3,2181.58,226.86
ORD-2024-163,MACBOOK-PRO,2,923.46,4.69
ORD-2024-163,NIKE-GLOVES,3,1356.32,185.16
ORD-2024-163,SAMSUNG-BUDS,1,1270.6,212.75
ORD-2024-164,ADIDAS-BALL,2,101.52,16.22
ORD-2024-164,MACBOOK-AIR,3,1488.58,150.46
ORD-2024-164,SAMSUNG-S24,2,937.76,150.24
ORD-2024-165,IPHONE-15-256,2,236.42,3.15
ORD-2024-165,NIKE-AIRMAX,1,1426.46,219.15
ORD-2024-166,ADIDAS-SHORTS,2,1460.35,233.9
ORD-2024-167,NIKE-GLOVES,2,2435.52,40.77
ORD-2024-168,IPAD-AIR,1,1251.72,63.97
ORD-2024-168,ADIDAS-BEANIE,2,645.26,65.61
ORD-2024-169,ADIDAS-ULTRABOOST,2,1760.28,223.2
ORD-2024-169,NIKE-HOODIE,2,1016.92,83.2
ORD-2024-170,ADIDAS-SHORTS,1,1989.09,306.8
ORD-2024-170,NIKE-AIRMAX,3,1887.28,287.37
ORD-2024-171,NIKE-CAP,2,2006.16,134.37
ORD-2024-171,NIKE-GLOVES,3,1677.5,72.79
ORD-2024-172,APPLE-WATCH,3,1278.64,128.3
ORD-2024-172,NIKE-BOTTLE,3,1968.86,106.23
ORD-2024-172,NIKE-GLOVES,3,2122.31,10.49
ORD-2024-173,IPAD-PRO,1,2226.5,138.59
ORD-2024-174,NIKE-BAG,1,2173.06,418.28
ORD-2024-174,NIKE-GLOVES,3,2368.61,122.02
ORD-2024-174,ADIDAS-BEANIE,1,601.79,72.75
ORD-2024-175,ADIDAS-BOTTLE,3,1671.02,147.83
ORD-2024-175,ADIDAS-BAG,1,361.16,3.29
ORD-2024-175,NIKE-LEGGINGS,3,493.98,50.01
ORD-2024-176,SAMSUNG-S24-ULTRA,1,2108.6,67.8
ORD-2024-176,ADIDAS-BOTTLE,2,792.34,34.55
ORD-2024-177,SONY-WH1000XM4,3,1808.42,182.83
ORD-2024-177,SAMSUNG-S24,1,593.64,30.04
ORD-2024-177,MACBOOK-PRO,3,2290.26,167.34
ORD-2024-178,IPAD-AIR,3,2283.29,31.99
ORD-2024-179,NIKE-BALL,2,836.78,32.47
ORD-2024-179,SONY-WH1000XM5,1,846.32,110.15
ORD-2024-180,ADIDAS-BEANIE,3,2374.51,278.8
ORD-2024-180,NIKE-BAG,1,1766.76,37.86
ORD-2024-181,AIRPODS-PRO,2,1016.82,120.82
ORD-2024-181,ADIDAS-SHORTS,2,986.04,98.99
ORD-2024-182,NIKE-CAP,1,2052.78,406.95
ORD-2024-182,ADIDAS-BALL,3,2380.36,44.32
ORD-2024-183,ADIDAS-SOCKS,1,1832.97,304.99
ORD-2024-184,ADIDAS-GLOVES,3,1388.53,5.79
ORD-2024-185,NIKE-AIRMAX,2,1076.0,122.85
ORD-2024-186,ADIDAS-SOCKS,2,1131.45,35.79
ORD-2024-186,NIKE-CAP,1,1639.42,156.41
ORD-2024-186,ADIDAS-BEANIE,2,229.08,1.84
ORD-2024-187,NIKE-LEGGINGS,1,164.7,3.94
ORD-2024-188,MACBOOK-AIR,2,2298.5,60.08
ORD-2024-189,NIKE-BALL,1,785.14,68.19
ORD-2024-190,SAMSUNG-TAB,1,1010.84,111.59
ORD-2024-190,IPHONE-15-PRO,1,565.3,41.83
ORD-2024-190,ADIDAS-BEANIE,3,1301.53,34.6
ORD-2024-191,NIKE-AIRFORCE,2,1098.39,85.16
ORD-2024-191,ADIDAS-SHORTS,3,558.11,18.04
ORD-2024-192,APPLE-WATCH,1,1356.98,148.41
ORD-2024-193,NIKE-AIRMAX,3,2338.77,120.98
ORD-2024-193,IPHONE-15-256,1,1177.87,173.79
ORD-2024-193,NIKE-CAP,3,1103.86,187.7
ORD-2024-194,NIKE-AIRMAX,2,2182.95,396.67
ORD-2024-195,ADIDAS-SOCKS,3,494.18,55.22
ORD-2024-195,AIRPODS-MAX,1,501.78,20.24
ORD-2024-196,SAMSUNG-S24-ULTRA,1,1689.44,148.79
ORD-2024-196,NIKE-JORDAN,2,25.1,3.01
ORD-2024-197,ADIDAS-SHORTS,2,1794.81,138.26
ORD-2024-198,MACBOOK-AIR,2,1820.77,114.85
ORD-2024-199,SONY-WH1000XM4,1,2348.51,368.79
ORD-2024-199,NIKE-JORDAN,3,205.38,27.33
ORD-2024-199,IPAD-AIR,3,728.0,21.46
ORD-2024-200,ADIDAS-GLOVES,2,1517.36,41.46
ORD-2024-201,ADIDAS-SWEATSHIRT,3,1911.38,278.87
ORD-2024-201,ADIDAS-GLOVES,3,888.69,3.92
ORD-2024-202,MACBOOK-AIR,1,297.9,27.49
ORD-2024-202,ADIDAS-SWEATSHIRT,3,2140.72,41.82
ORD-2024-203,NIKE-SOCKS,1,1126.22,173.21
ORD-2024-204,NIKE-AIRMAX,2,922.05,120.38
ORD-2024-204,ADIDAS-BOTTLE,2,1113.86,181.54
ORD-2024-205,APPLE-WATCH,2,1858.74,170.34
ORD-2024-205,ADIDAS-BAG,3,149.6,11.88
ORD-2024-205,NIKE-AIRMAX,2,2304.47,396.3
ORD-2024-206,ADIDAS-BOTTLE,2,2204.9,21.32
ORD-2024-207,NIKE-BALL,1,1339.84,183.61
ORD-2024-207,ADIDAS-GLOVES,2,2419.59,481.13
ORD-2024-207,APPLE-WATCH,1,692.7,96.67
ORD-2024-208,NIKE-LEGGINGS,3,2485.92,445.08
ORD-2024-208,SAMSUNG-S24-ULTRA,3,621.95,106.56
ORD-2024-208,ADIDAS-SWEATSHIRT,1,2009.53,47.62
ORD-2024-209,NIKE-BALL,3,1571.94,164.46
ORD-2024-209,NIKE-SOCKS,2,1292.06,216.03
ORD-2024-210,SONY-WH1000XM5,1,811.95,4.28
ORD-2024-211,NIKE-AIRFORCE,2,885.78,132.12
ORD-2024-212,NIKE-BOTTLE,3,2205.8,399.3
ORD-2024-212,ADIDAS-BAG,3,2018.12,15.83
ORD-2024-213,ADIDAS-ULTRABOOST,1,1438.43,278.32
ORD-2024-213,SAMSUNG-S24,3,2177.02,270.96
ORD-2024-214,SAMSUNG-S24,2,2246.16,236.02
ORD-2024-215,NIKE-GLOVES,2,416.63,63.89
ORD-2024-215,ADIDAS-TRACK,3,1059.81,138.43
ORD-2024-216,ADIDAS-SHORTS,1,1344.96,21.25
ORD-2024-216,ADIDAS-GLOVES,2,1923.77,368.0
ORD-2024-217,AIRPODS-MAX,3,429.31,38.68
ORD-2024-217,SAMSUNG-S24,3,1677.68,150.65
ORD-2024-217,ADIDAS-STANSMITH,1,1886.51,73.41
ORD-2024-218,ADIDAS-STANSMITH,1,2152.41,419.89
ORD-2024-219,IPAD-PRO,1,935.4,92.0
ORD-2024-219,ADIDAS-BEANIE,2,2385.22,147.48
ORD-2024-219,ADIDAS-GLOVES,1,1691.73,164.17
ORD-2024-220,ADIDAS-TRACK,2,1138.28,50.54
ORD-2024-220,SONY-WH1000XM5,1,710.62,25.82
ORD-2024-221,ADIDAS-STANSMITH,3,2039.47,384.26
ORD-2024-222,IPHONE-15-PRO,1,227.3,30.81
ORD-2024-223,MACBOOK-PRO,2,2152.3,351.43
ORD-2024-223,SAMSUNG-WATCH,2,2357.14,90.82
ORD-2024-224,SAMSUNG-S24,2,220.54,9.81
ORD-2024-224,NIKE-CAP,1,1282.51,151.09
ORD-2024-224,IPHONE-15-128,2,2185.55,329.9
ORD-2024-225,IPAD-PRO,3,1324.1,163.48
ORD-2024-226,ADIDAS-BEANIE,3,725.9,58.52
ORD-2024-226,ADIDAS-BAG,1,1504.82,36.67
ORD-2024-226,SAMSUNG-TAB,1,1613.32,128.13
ORD-2024-227,AIRPODS-MAX,3,642.64,93.03
ORD-2024-228,SAMSUNG-WATCH,3,1924.33,126.73
ORD-2024-229,MACBOOK-PRO,1,388.42,47.79
ORD-2024-229,NIKE-BAG,3,516.94,86.56
ORD-2024-230,NIKE-SOCKS,2,1955.84,28.34
ORD-2024-231,ADIDAS-SHORTS,2,971.2,166.54
ORD-2024-231,ADIDAS-ULTRABOOST,1,1407.73,175.44
ORD-2024-232,ADIDAS-BEANIE,2,1346.14,185.99
ORD-2024-233,NIKE-DRI-FIT,3,893.33,162.7
ORD-2024-233,ADIDAS-ULTRABOOST,2,1636.92,235.45
ORD-2024-234,ADIDAS-SWEATSHIRT,1,846.9,23.34
ORD-2024-234,SAMSUNG-BUDS,3,282.06,30.12
ORD-2024-234,ADIDAS-SOCKS,3,83.68,10.91
ORD-2024-235,AIRPODS-PRO,3,2244.21,388.57
ORD-2024-235,AIRPODS-MAX,3,718.0,128.0
ORD-2024-236,ADIDAS-GLOVES,1,869.7,53.56
ORD-2024-236,SAMSUNG-S24-ULTRA,3,937.56,110.1
ORD-2024-236,IPHONE-15-256,1,322.23,54.54
ORD-2024-237,MACBOOK-AIR,3,1643.61,25.63
ORD-2024-238,SAMSUNG-TAB,3,961.3,87.24
ORD-2024-238,NIKE-AIRFORCE,2,936.69,46.8
ORD-2024-239,ADIDAS-BEANIE,2,1803.42,147.05
ORD-2024-240,SAMSUNG-WATCH,2,1629.76,56.59
ORD-2024-240,NIKE-AIRFORCE,1,124.74,1.18
ORD-2024-240,NIKE-GLOVES,3,1498.44,173.08
ORD-2024-241,ADIDAS-SWEATSHIRT,1,134.48,3.64
ORD-2024-242,APPLE-WATCH,1,1580.64,269.94
ORD-2024-242,NIKE-BOTTLE,2,1655.69,99.2
ORD-2024-242,ADIDAS-STANSMITH,2,40.12,2.2
ORD-2024-243,ADIDAS-SHORTS,2,559.59,90.01
ORD-2024-243,NIKE-CAP,3,1668.79,324.2
ORD-2024-244,AIRPODS-PRO,3,1682.45,266.09
ORD-2024-244,IPHONE-15-128,1,1033.37,108.34
ORD-2024-244,NIKE-HOODIE,2,555.35,73.16
ORD-2024-245,NIKE-DRI-FIT,1,1206.86,44.15
ORD-2024-245,NIKE-AIRMAX,3,1615.34,189.34
ORD-2024-246,SAMSUNG-BUDS,1,1235.77,159.43
ORD-2024-246,NIKE-BOTTLE,1,700.7,66.64
ORD-2024-246,NIKE-CAP,1,778.65,102.67
ORD-2024-247,NIKE-SOCKS,3,82.96,5.17
ORD-2024-247,MACBOOK-AIR,3,386.77,57.81
ORD-2024-248,AIRPODS-PRO,3,1569.93,117.69
ORD-2024-249,AIRPODS-MAX,1,1871.85,196.29
ORD-2024-250,APPLE-WATCH,2,2113.14,211.34
ORD-2024-250,ADIDAS-BAG,1,2465.49,79.68
ORD-2024-251,SAMSUNG-S24-ULTRA,1,869.58,96.55
ORD-2024-251,NIKE-JORDAN,1,2293.26,159.32
ORD-2024-252,ADIDAS-BEANIE,3,928.22,8.27
ORD-2024-252,ADIDAS-ULTRABOOST,1,1735.4,96.28
ORD-2024-252,NIKE-BALL,2,685.56,103.06
ORD-2024-253,SAMSUNG-BUDS,3,2268.29,143.59
ORD-2024-254,NIKE-HOODIE,3,1773.14,272.48
ORD-2024-254,IPAD-PRO,1,2260.89,79.93
ORD-2024-255,NIKE-AIRFORCE,3,1003.01,198.41
ORD-2024-255,IPHONE-15-256,1,571.34,70.87
ORD-2024-255,NIKE-BALL,2,2331.76,162.7
ORD-2024-256,ADIDAS-SWEATSHIRT,1,412.86,74.24
ORD-2024-257,NIKE-AIRFORCE,2,2286.98,369.5
ORD-2024-258,ADIDAS-ULTRABOOST,2,661.38,15.86
ORD-2024-258,IPAD-AIR,1,1949.61,135.88
ORD-2024-259,NIKE-AIRFORCE,3,790.41,5.77
ORD-2024-259,NIKE-AIRFORCE,3,1345.66,122.75
ORD-2024-259,SAMSUNG-BUDS,3,184.65,5.93
ORD-2024-260,SONY-WH1000XM4,3,660.86,0.86
ORD-2024-260,ADIDAS-SHORTS,1,1597.06,80.62
ORD-2024-260,NIKE-HOODIE,2,1229.23,89.56
ORD-2024-261,ADIDAS-SWEATSHIRT,2,263.49,52.26
ORD-2024-261,IPHONE-15-128,3,624.9,106.49
ORD-2024-262,SAMSUNG-WATCH,2,2465.71,141.95
ORD-2024-262,NIKE-AIRMAX,2,495.42,18.86
ORD-2024-263,IPHONE-15-256,2,2048.57,282.47
ORD-2024-263,MACBOOK-PRO,3,1175.8,149.45
ORD-2024-264,IPAD-AIR,2,1010.27,64.87
ORD-2024-264,ADIDAS-STANSMITH,1,317.65,9.35
ORD-2024-264,APPLE-WATCH,2,1585.56,221.6
ORD-2024-265,MACBOOK-AIR,3,1877.2,186.51
ORD-2024-265,AIRPODS-MAX,1,1383.77,127.78
ORD-2024-266,SONY-WH1000XM5,1,691.23,37.39
ORD-2024-267,SAMSUNG-WATCH,2,1901.13,195.11
ORD-2024-267,ADIDAS-ULTRABOOST,3,1524.06,58.16
ORD-2024-268,NIKE-AIRFORCE,2,1966.62,191.62
ORD-2024-268,NIKE-AIRMAX,1,222.08,7.2
ORD-2024-268,IPHONE-15-256,2,2082.99,91.11
ORD-2024-269,AIRPODS-MAX,3,1598.0,161.49
ORD-2024-269,ADIDAS-STANSMITH,2,1108.17,26.04
ORD-2024-270,NIKE-HOODIE,3,1178.05,57.45
ORD-2024-271,NIKE-SOCKS,1,207.76,34.94
ORD-2024-271,IPAD-AIR,3,2121.62,330.62
ORD-2024-272,AIRPODS-MAX,2,2191.65,6.04
ORD-2024-272,AIRPODS-MAX,2,1119.8,188.41
ORD-2024-273,IPAD-PRO,1,226.78,4.3
ORD-2024-274,ADIDAS-STANSMITH,2,145.65,9.62
ORD-2024-274,NIKE-BAG,2,51.93,4.67
ORD-2024-275,IPHONE-15-PRO,1,1847.97,222.76
ORD-2024-276,NIKE-BOTTLE,2,1213.91,211.9
ORD-2024-276,ADIDAS-GLOVES,2,1463.34,288.19
ORD-2024-276,ADIDAS-BAG,1,1061.3,125.54
ORD-2024-277,NIKE-CAP,1,829.49,13.37
ORD-2024-278,AIRPODS-PRO,3,347.49,23.48
ORD-2024-278,SAMSUNG-BUDS,2,1135.16,130.84
ORD-2024-279,AIRPODS-PRO,1,2020.9,209.53
ORD-2024-280,ADIDAS-SHORTS,3,2299.21,225.62
ORD-2024-280,MACBOOK-PRO,2,1720.29,298.48
ORD-2024-280,SAMSUNG-WATCH,2,40.12,2.37
ORD-2024-281,IPAD-AIR,2,946.29,169.98
ORD-2024-282,NIKE-SOCKS,2,2251.82,70.78
ORD-2024-282,IPHONE-15-PRO,3,629.62,105.33
ORD-2024-283,NIKE-BAG,1,2117.67,246.84
ORD-2024-284,APPLE-WATCH,2,1832.27,45.76
ORD-2024-284,ADIDAS-BEANIE,1,460.7,50.15
ORD-2024-285,ADIDAS-SWEATSHIRT,3,783.57,106.58
ORD-2024-286,ADIDAS-SOCKS,1,733.06,12.19
ORD-2024-286,IPHONE-15-128,1,2057.7,254.3
ORD-2024-286,NIKE-BALL,1,1719.12,54.98
ORD-2024-287,NIKE-HOODIE,2,1931.05,108.96
ORD-2024-288,IPHONE-15-PRO,2,1430.66,275.75
ORD-2024-288,NIKE-GLOVES,3,1341.46,98.26
ORD-2024-289,ADIDAS-ULTRABOOST,1,680.17,8.8
ORD-2024-289,AIRPODS-MAX,3,1783.16,127.61
ORD-2024-289,IPHONE-15-128,1,918.72,31.03
ORD-2024-290,APPLE-WATCH,2,2418.89,399.98
ORD-2024-290,IPHONE-15-256,3,727.25,91.99
ORD-2024-291,NIKE-GLOVES,3,1632.2,104.46
ORD-2024-291,NIKE-BALL,3,2487.31,424.36
ORD-2024-291,NIKE-BOTTLE,3,2057.44,24.47
ORD-2024-292,IPHONE-15-256,3,2362.83,196.32
ORD-2024-292,AIRPODS-MAX,2,2345.29,230.43
ORD-2024-292,IPHONE-15-256,1,2401.6,164.82
ORD-2024-293,AIRPODS-PRO,2,1230.01,220.56
ORD-2024-294,NIKE-HOODIE,1,831.18,56.52
ORD-2024-294,IPHONE-15-PRO,3,731.77,30.37
ORD-2024-295,AIRPODS-PRO,3,2275.09,312.48
ORD-2024-295,ADIDAS-SOCKS,1,722.79,104.59
ORD-2024-295,NIKE-LEGGINGS,3,1786.75,199.58
ORD-2024-296,IPHONE-15-128,1,446.75,27.02
ORD-2024-296,NIKE-LEGGINGS,1,621.98,5.68
ORD-2024-296,IPAD-PRO,2,1306.3,12.08
ORD-2024-297,ADIDAS-GLOVES,3,1136.52,166.75
ORD-2024-298,SAMSUNG-WATCH,1,1432.25,10.78
ORD-2024-298,ADIDAS-BOTTLE,2,334.95,45.31
ORD-2024-298,IPAD-AIR,3,410.77,32.66
ORD-2024-299,NIKE-SOCKS,2,1435.08,99.29
ORD-2024-299,AIRPODS-PRO,1,1317.28,21.32
ORD-2024-300,NIKE-JORDAN,3,1861.67,152.19
ORD-2024-301,SAMSUNG-S24-ULTRA,1,2499.75,331.61
ORD-2024-301,MACBOOK-PRO,2,2387.09,175.79
ORD-2024-301,NIKE-CAP,3,836.23,156.91
ORD-2024-302,NIKE-HOODIE,1,403.19,80.3
ORD-2024-302,NIKE-CAP,2,811.81,2.24
ORD-2024-303,SONY-WH1000XM5,2,2207.73,344.93
ORD-2024-304,NIKE-BOTTLE,2,1964.32,337.24
ORD-2024-305,NIKE-GLOVES,3,946.57,123.47
ORD-2024-306,SAMSUNG-S24-ULTRA,3,524.79,84.65
ORD-2024-306,MACBOOK-AIR,2,1525.65,11.85
ORD-2024-307,ADIDAS-BOTTLE,3,644.66,66.44
ORD-2024-308,NIKE-AIRFORCE,2,809.54,34.6
ORD-2024-309,ADIDAS-BALL,1,1763.21,325.89
ORD-2024-309,MACBOOK-PRO,2,349.52,12.8
ORD-2024-310,NIKE-CAP,3,1943.25,21.5
ORD-2024-310,ADIDAS-SWEATSHIRT,3,277.03,39.19
ORD-2024-311,NIKE-JORDAN,2,583.43,55.69
ORD-2024-311,NIKE-LEGGINGS,1,1515.63,109.15
ORD-2024-311,NIKE-HOODIE,3,713.43,60.36
ORD-2024-312,NIKE-LEGGINGS,2,2258.24,413.1
ORD-2024-313,NIKE-AIRMAX,1,2084.14,28.51
ORD-2024-314,AIRPODS-PRO,2,510.61,47.76
ORD-2024-315,APPLE-WATCH,1,1707.38,305.78
ORD-2024-316,NIKE-HOODIE,1,387.82,1.07
ORD-2024-316,NIKE-DRI-FIT,3,1860.59,4.43
ORD-2024-316,ADIDAS-SHORTS,2,1949.72,300.52
ORD-2024-317,ADIDAS-BEANIE,2,802.28,100.93
ORD-2024-317,APPLE-WATCH,2,744.77,102.39
ORD-2024-317,NIKE-SOCKS,3,265.24,14.5
ORD-2024-318,AIRPODS-PRO,3,641.6,104.67
ORD-2024-319,NIKE-SOCKS,3,1590.57,18.62
ORD-2024-320,APPLE-WATCH,3,1861.98,91.89
ORD-2024-320,SAMSUNG-S24,3,1980.82,224.32
ORD-2024-321,SONY-WH1000XM5,3,1363.55,42.19
ORD-2024-322,SAMSUNG-BUDS,2,152.82,0.84
ORD-2024-323,SAMSUNG-WATCH,3,1463.67,66.69
ORD-2024-323,ADIDAS-TRACK,1,427.3,54.27
ORD-2024-324,ADIDAS-BEANIE,3,706.16,37.01
ORD-2024-325,SAMSUNG-S24,2,2456.11,63.68
ORD-2024-325,NIKE-AIRFORCE,2,294.22,15.53
ORD-2024-325,SAMSUNG-WATCH,2,1421.4,229.59
ORD-2024-326,SAMSUNG-BUDS,3,1774.41,1.9
ORD-2024-326,ADIDAS-BEANIE,3,1952.64,363.34
ORD-2024-326,SAMSUNG-WATCH,1,1048.89,152.29
ORD-2024-327,NIKE-AIRMAX,3,1243.96,46.81
ORD-2024-327,NIKE-JORDAN,2,1421.04,208.9
ORD-2024-327,ADIDAS-SOCKS,3,2107.51,2.89
ORD-2024-328,ADIDAS-BOTTLE,2,296.26,39.82
ORD-2024-328,NIKE-BALL,2,1466.59,70.4
ORD-2024-329,AIRPODS-PRO,3,1280.75,98.88
ORD-2024-330,NIKE-HOODIE,1,963.01,40.02
ORD-2024-330,ADIDAS-STANSMITH,3,1859.04,50.86
ORD-2024-330,SAMSUNG-S24,3,972.39,128.69
ORD-2024-331,NIKE-HOODIE,3,1833.23,88.76
ORD-2024-331,NIKE-BOTTLE,1,1975.46,388.58
ORD-2024-331,NIKE-BOTTLE,3,2367.78,38.21
ORD-2024-332,ADIDAS-SWEATSHIRT,1,1033.46,193.99
ORD-2024-332,AIRPODS-MAX,2,1598.67,58.49
ORD-2024-332,NIKE-GLOVES,2,880.29,21.79
ORD-2024-333,ADIDAS-BAG,2,481.64,51.6
ORD-2024-333,ADIDAS-ULTRABOOST,1,2349.96,203.8
ORD-2024-334,NIKE-AIRMAX,1,1749.85,207.8
ORD-2024-334,IPHONE-15-128,1,1031.71,142.91
ORD-2024-334,IPHONE-15-PRO,1,2473.39,22.56
ORD-2024-335,NIKE-GLOVES,1,188.32,16.9
ORD-2024-336,NIKE-LEGGINGS,2,993.41,67.56
ORD-2024-336,IPHONE-15-128,3,1515.22,194.48
ORD-2024-337,ADIDAS-SOCKS,3,449.44,41.13
ORD-2024-337,NIKE-BAG,3,1705.35,89.93
ORD-2024-337,SONY-WH1000XM5,2,1163.51,158.62
ORD-2024-338,MACBOOK-AIR,3,262.67,0.67
ORD-2024-338,IPHONE-15-256,3,804.47,57.14
ORD-2024-338,ADIDAS-TRACK,1,564.63,87.84
ORD-2024-339,ADIDAS-BALL,2,1294.51,56.59
ORD-2024-339,IPAD-PRO,1,239.92,22.22
ORD-2024-340,NIKE-JORDAN,1,1386.41,34.9
ORD-2024-341,ADIDAS-SHORTS,2,113.72,20.06
ORD-2024-341,NIKE-SOCKS,3,924.98,58.82
ORD-2024-342,NIKE-AIRFORCE,1,734.9,133.23
ORD-2024-342,ADIDAS-SWEATSHIRT,3,1874.16,310.53
ORD-2024-343,ADIDAS-BAG,3,1691.61,236.47
ORD-2024-344,NIKE-BAG,2,1259.93,221.22
ORD-2024-344,ADIDAS-BOTTLE,2,2396.35,463.36
ORD-2024-344,IPHONE-15-256,3,934.81,72.24
ORD-2024-345,NIKE-SOCKS,3,2190.38,44.5
ORD-2024-346,NIKE-HOODIE,3,477.73,85.32
ORD-2024-346,AIRPODS-MAX,3,786.76,81.47
ORD-2024-346,NIKE-AIRMAX,1,1161.12,94.05
ORD-2024-347,NIKE-LEGGINGS,3,1606.45,300.72
ORD-2024-347,ADIDAS-SOCKS,3,2306.68,123.55
ORD-2024-348,SAMSUNG-BUDS,1,318.78,60.08
ORD-2024-349,IPAD-PRO,1,713.98,8.88
ORD-2024-349,NIKE-DRI-FIT,3,1134.61,142.68
ORD-2024-349,ADIDAS-SOCKS,2,1034.04,84.37
ORD-2024-350,ADIDAS-BEANIE,2,932.26,150.93
ORD-2024-350,NIKE-AIRMAX,1,2222.36,350.27
ORD-2024-351,ADIDAS-BEANIE,1,2414.28,139.69
ORD-2024-352,NIKE-JORDAN,2,452.87,60.74
ORD-2024-352,NIKE-AIRMAX,2,1427.23,227.62
ORD-2024-352,NIKE-CAP,2,1927.72,19.59
ORD-2024-353,ADIDAS-GLOVES,2,160.94,31.73
ORD-2024-353,NIKE-LEGGINGS,2,896.01,36.16
ORD-2024-354,IPAD-PRO,3,514.32,84.05
ORD-2024-354,SAMSUNG-TAB,1,517.25,26.8
ORD-2024-355,ADIDAS-STANSMITH,2,1419.91,240.95
ORD-2024-355,SAMSUNG-S24-ULTRA,3,1468.4,25.8
ORD-2024-355,SAMSUNG-BUDS,2,2258.68,229.23
ORD-2024-356,NIKE-JORDAN,1,1784.1,181.66
ORD-2024-356,APPLE-WATCH,1,1294.7,114.47
ORD-2024-357,NIKE-HOODIE,3,2333.71,116.87
ORD-2024-357,ADIDAS-BALL,3,393.25,9.8
ORD-2024-357,ADIDAS-SOCKS,1,860.5,28.52
ORD-2024-358,IPHONE-15-256,1,295.09,13.35
ORD-2024-358,ADIDAS-BOTTLE,3,165.78,29.3
ORD-2024-359,NIKE-SOCKS,1,142.24,2.94
ORD-2024-360,ADIDAS-BEANIE,3,1118.62,161.64
ORD-2024-360,ADIDAS-TRACK,2,624.35,55.48
ORD-2024-361,SAMSUNG-BUDS,3,1614.61,23.83
ORD-2024-362,ADIDAS-BEANIE,1,490.35,23.42
ORD-2024-363,NIKE-HOODIE,2,1022.66,13.68
ORD-2024-363,NIKE-BALL,1,1518.83,57.52
ORD-2024-364,NIKE-AIRMAX,1,1410.58,133.59
ORD-2024-364,SAMSUNG-BUDS,3,616.53,113.21
ORD-2024-365,NIKE-SOCKS,1,649.61,114.72
ORD-2024-366,SONY-WH1000XM4,3,1818.49,287.7
ORD-2024-367,SAMSUNG-S24,2,1423.72,93.44
ORD-2024-367,NIKE-BAG,1,530.43,30.28
ORD-2024-368,NIKE-CAP,3,1767.78,351.07
ORD-2024-368,NIKE-SOCKS,1,934.94,123.59
ORD-2024-368,SONY-WH1000XM4,3,433.81,65.53
ORD-2024-369,SONY-WH1000XM4,3,2478.28,175.17
ORD-2024-370,APPLE-WATCH,2,1565.78,103.45
ORD-2024-370,SAMSUNG-TAB,1,1118.22,5.24
ORD-2024-371,ADIDAS-BOTTLE,3,878.6,114.65
ORD-2024-371,NIKE-BAG,2,1518.15,253.45
ORD-2024-372,SONY-WH1000XM4,2,1001.67,153.45
ORD-2024-373,NIKE-LEGGINGS,1,1697.72,28.81
ORD-2024-373,ADIDAS-SOCKS,1,919.17,117.15
ORD-2024-373,NIKE-AIRMAX,2,355.82,53.14
ORD-2024-374,NIKE-AIRFORCE,1,1941.94,114.58
ORD-2024-374,SAMSUNG-BUDS,1,1060.84,36.84
ORD-2024-375,IPHONE-15-PRO,1,734.87,145.39
ORD-2024-376,NIKE-BOTTLE,3,713.74,22.71
ORD-2024-377,ADIDAS-SHORTS,3,1274.43,106.15
ORD-2024-377,MACBOOK-AIR,1,231.25,36.08
ORD-2024-378,NIKE-BALL,2,1728.94,173.78
ORD-2024-378,SONY-WH1000XM4,2,873.58,152.45
ORD-2024-378,ADIDAS-STANSMITH,1,2237.57,242.64
ORD-2024-379,SONY-WH1000XM4,3,1460.22,32.95
ORD-2024-380,ADIDAS-TRACK,3,2313.04,162.38
ORD-2024-380,NIKE-SOCKS,2,2290.25,16.0
ORD-2024-381,SAMSUNG-S24,1,2302.34,286.47
ORD-2024-382,ADIDAS-SOCKS,2,1608.8,70.69
ORD-2024-382,ADIDAS-TRACK,1,1570.67,145.46
ORD-2024-382,SAMSUNG-TAB,3,206.27,13.52
ORD-2024-383,SONY-WH1000XM4,2,2143.27,30.75
ORD-2024-383,NIKE-JORDAN,2,370.28,6.2
ORD-2024-384,NIKE-HOODIE,3,2475.38,40.68
ORD-2024-384,ADIDAS-BAG,1,932.25,149.41
ORD-2024-384,ADIDAS-ULTRABOOST,2,2181.28,124.46
ORD-2024-385,IPAD-PRO,1,809.66,150.36
ORD-2024-385,MACBOOK-PRO,3,1877.05,268.66
ORD-2024-386,ADIDAS-STANSMITH,2,1328.63,83.08
ORD-2024-386,NIKE-DRI-FIT,2,654.8,128.48
ORD-2024-386,ADIDAS-BOTTLE,3,363.11,29.32
ORD-2024-387,ADIDAS-BEANIE,1,2063.1,218.67
ORD-2024-388,SAMSUNG-WATCH,3,2470.97,386.22
ORD-2024-388,MACBOOK-AIR,2,647.67,76.94
ORD-2024-389,SAMSUNG-S24-ULTRA,3,1684.32,74.21
ORD-2024-389,SAMSUNG-BUDS,1,1329.03,83.31
ORD-2024-390,ADIDAS-GLOVES,1,1702.74,298.37
ORD-2024-391,NIKE-CAP,2,484.41,0.07
ORD-2024-392,NIKE-DRI-FIT,3,1148.87,156.48
ORD-2024-392,IPHONE-15-128,3,1748.41,63.22
ORD-2024-392,AIRPODS-PRO,1,2312.01,172.94
ORD-2024-393,SAMSUNG-S24-ULTRA,3,510.44,18.2
ORD-2024-394,ADIDAS-TRACK,1,892.15,96.68
ORD-2024-394,ADIDAS-SOCKS,3,2113.73,321.67
ORD-2024-395,SAMSUNG-TAB,3,1326.71,49.0
ORD-2024-395,IPHONE-15-256,2,2085.98,206.77
ORD-2024-396,ADIDAS-SHORTS,3,1440.94,264.73
ORD-2024-396,SAMSUNG-WATCH,3,1943.97,80.31
ORD-2024-396,SAMSUNG-S24-ULTRA,3,420.99,1.92
ORD-2024-397,ADIDAS-TRACK,2,845.05,25.5
ORD-2024-397,ADIDAS-GLOVES,1,390.33,17.8
ORD-2024-397,SAMSUNG-S24,1,2427.6,238.25
ORD-2024-398,ADIDAS-GLOVES,2,1869.34,337.78
ORD-2024-399,NIKE-BAG,2,2498.88,79.53
ORD-2024-399,SAMSUNG-WATCH,3,1575.14,135.11
ORD-2024-399,SAMSUNG-S24-ULTRA,3,1255.39,154.26
ORD-2024-400,NIKE-BAG,2,1035.85,193.9
ORD-2024-401,ADIDAS-STANSMITH,1,846.94,39.48
ORD-2024-402,ADIDAS-BEANIE,3,924.13,172.64
ORD-2024-402,IPHONE-15-256,1,733.53,71.82
ORD-2024-402,SONY-WH1000XM5,2,2038.17,352.23
ORD-2024-403,NIKE-BAG,2,443.62,71.79
ORD-2024-404,ADIDAS-BAG,1,440.52,10.13
ORD-2024-405,NIKE-BOTTLE,1,2178.26,93.27
ORD-2024-405,SAMSUNG-S24,3,973.74,4.32
ORD-2024-406,SONY-WH1000XM4,1,251.49,10.82
ORD-2024-406,SAMSUNG-S24-ULTRA,3,437.51,20.52
ORD-2024-406,ADIDAS-TRACK,2,901.08,123.02
ORD-2024-407,IPHONE-15-256,2,388.29,26.55
ORD-2024-408,ADIDAS-SHORTS,2,586.05,110.6
ORD-2024-408,ADIDAS-ULTRABOOST,3,89.92,5.44
ORD-2024-408,MACBOOK-AIR,2,54.66,7.72
ORD-2024-409,ADIDAS-BOTTLE,3,1549.74,65.27
ORD-2024-409,IPHONE-15-256,2,185.72,23.71
ORD-2024-410,ADIDAS-SHORTS,1,1620.46,182.25
ORD-2024-411,IPHONE-15-256,3,864.03,152.76
ORD-2024-411,APPLE-WATCH,1,1069.18,84.25
ORD-2024-411,MACBOOK-AIR,2,849.22,136.88
ORD-2024-412,NIKE-BOTTLE,2,2154.62,196.78
ORD-2024-412,IPHONE-15-128,2,1306.46,45.1
ORD-2024-413,SAMSUNG-BUDS,3,1181.2,8.57
ORD-2024-413,SAMSUNG-S24-ULTRA,1,374.06,36.58
ORD-2024-414,NIKE-BAG,2,105.24,2.83
ORD-2024-414,ADIDAS-ULTRABOOST,3,769.33,113.37
ORD-2024-415,ADIDAS-GLOVES,1,432.1,43.96
ORD-2024-415,AIRPODS-MAX,1,1840.94,99.34
ORD-2024-416,IPHONE-15-128,1,2312.31,266.2
ORD-2024-416,NIKE-HOODIE,1,946.27,57.05
ORD-2024-417,SAMSUNG-TAB,1,1200.43,217.38
ORD-2024-418,AIRPODS-PRO,2,1364.25,71.97
ORD-2024-418,ADIDAS-BEANIE,3,1670.01,53.6
ORD-2024-418,APPLE-WATCH,2,1761.93,339.32
ORD-2024-419,ADIDAS-BALL,1,2351.78,90.43
ORD-2024-419,IPHONE-15-256,2,1396.87,223.65
ORD-2024-419,AIRPODS-MAX,3,2397.42,89.32
ORD-2024-420,SAMSUNG-WATCH,2,103.64,0.64
ORD-2024-421,NIKE-AIRMAX,1,1714.65,86.07
ORD-2024-421,NIKE-AIRMAX,3,425.36,5.54
ORD-2024-421,ADIDAS-BALL,2,2079.6,413.26
ORD-2024-422,NIKE-GLOVES,2,323.19,4.58
ORD-2024-422,MACBOOK-PRO,2,1229.78,237.94
ORD-2024-423,NIKE-BOTTLE,1,921.16,181.27
ORD-2024-423,ADIDAS-SOCKS,1,2151.74,275.28
ORD-2024-423,APPLE-WATCH,1,746.85,97.93
ORD-2024-424,ADIDAS-SHORTS,3,1974.67,158.76
ORD-2024-424,MACBOOK-PRO,2,773.27,6.44
ORD-2024-425,ADIDAS-ULTRABOOST,1,849.19,105.5
ORD-2024-425,IPHONE-15-128,3,433.22,53.79
ORD-2024-425,NIKE-CAP,1,885.64,123.25
ORD-2024-426,SAMSUNG-WATCH,3,1794.95,344.24
ORD-2024-426,NIKE-DRI-FIT,3,1950.61,139.84
ORD-2024-427,APPLE-WATCH,1,2342.35,376.21
ORD-2024-427,SONY-WH1000XM4,1,556.68,13.54
ORD-2024-427,ADIDAS-TRACK,3,2282.85,302.96
ORD-2024-428,ADIDAS-BEANIE,3,2074.61,350.52
ORD-2024-428,ADIDAS-GLOVES,1,718.08,85.09
ORD-2024-429,APPLE-WATCH,2,288.24,14.72
ORD-2024-429,SAMSUNG-S24,1,527.66,76.25
ORD-2024-430,SAMSUNG-BUDS,1,848.32,111.53
ORD-2024-430,ADIDAS-BOTTLE,1,2131.59,344.31
ORD-2024-430,NIKE-SOCKS,2,1362.74,135.6
ORD-2024-431,SAMSUNG-BUDS,3,32.3,4.49
ORD-2024-431,ADIDAS-ULTRABOOST,1,680.1,21.43
ORD-2024-431,AIRPODS-PRO,1,990.98,103.08
ORD-2024-432,MACBOOK-AIR,2,648.54,63.22
ORD-2024-432,ADIDAS-TRACK,3,1400.12,22.75
ORD-2024-432,NIKE-JORDAN,2,2224.59,283.37
ORD-2024-433,NIKE-AIRFORCE,1,2116.63,42.48
ORD-2024-433,ADIDAS-BALL,3,2221.0,73.21
ORD-2024-433,ADIDAS-BEANIE,2,280.41,20.26
ORD-2024-434,ADIDAS-BEANIE,1,2059.55,216.8
ORD-2024-434,IPHONE-15-128,2,1844.34,307.84
ORD-2024-435,NIKE-BAG,3,1481.62,289.59
ORD-2024-435,NIKE-BOTTLE,1,2418.58,3.9
ORD-2024-436,NIKE-BALL,2,793.48,110.69
ORD-2024-436,ADIDAS-SOCKS,3,1201.05,7.22
ORD-2024-437,NIKE-DRI-FIT,1,1454.2,167.05
ORD-2024-438,NIKE-DRI-FIT,2,679.11,11.44
ORD-2024-439,IPAD-PRO,1,2244.66,133.9
ORD-2024-439,SAMSUNG-WATCH,2,731.34,123.48
ORD-2024-440,IPHONE-15-PRO,2,2156.12,327.97
ORD-2024-440,ADIDAS-SHORTS,2,1216.88,202.59
ORD-2024-440,APPLE-WATCH,2,2485.59,436.63
ORD-2024-441,ADIDAS-BEANIE,2,1266.12,54.93
ORD-2024-441,ADIDAS-SHORTS,2,2268.7,64.13
ORD-2024-441,NIKE-BOTTLE,1,1823.62,168.87
ORD-2024-442,IPHONE-15-PRO,3,1173.1,147.17
ORD-2024-443,NIKE-BAG,2,1394.57,154.42
ORD-2024-443,ADIDAS-STANSMITH,2,165.2,20.54
ORD-2024-443,NIKE-BAG,2,150.16,1.79
ORD-2024-444,ADIDAS-GLOVES,3,998.97,129.37
ORD-2024-445,ADIDAS-BEANIE,3,200.41,0.7
ORD-2024-445,ADIDAS-SWEATSHIRT,3,2498.58,197.49
ORD-2024-446,SAMSUNG-TAB,1,1415.83,136.58
ORD-2024-447,SAMSUNG-TAB,3,877.54,82.19
ORD-2024-448,NIKE-AIRMAX,3,1131.35,34.77
ORD-2024-448,SONY-WH1000XM4,2,69.68,7.88
ORD-2024-448,SAMSUNG-WATCH,3,893.73,30.36
ORD-2024-449,SAMSUNG-TAB,3,1436.96,265.12
ORD-2024-449,SAMSUNG-WATCH,2,1311.81,111.42
ORD-2024-449,NIKE-JORDAN,3,1834.21,150.36
ORD-2024-450,NIKE-AIRMAX,2,542.63,73.78
ORD-2024-450,IPHONE-15-128,2,1636.29,19.94
ORD-2024-450,NIKE-HOODIE,1,1696.29,118.94
ORD-2024-451,AIRPODS-PRO,2,1085.69,53.96
ORD-2024-451,IPHONE-15-256,3,612.42,47.95
ORD-2024-452,NIKE-AIRMAX,3,867.52,21.34
ORD-2024-453,IPAD-AIR,2,951.85,41.64
ORD-2024-454,NIKE-BAG,3,1357.37,240.67
ORD-2024-455,ADIDAS-ULTRABOOST,3,1551.59,194.28
ORD-2024-456,IPAD-AIR,3,37.24,6.81
ORD-2024-456,IPHONE-15-PRO,1,241.22,39.16
ORD-2024-457,ADIDAS-SWEATSHIRT,2,836.7,95.48
ORD-2024-457,MACBOOK-AIR,3,376.39,36.85
ORD-2024-457,SAMSUNG-BUDS,1,455.92,77.68
ORD-2024-458,AIRPODS-MAX,3,2115.79,84.64
ORD-2024-458,SAMSUNG-S24-ULTRA,3,2232.1,388.36
ORD-2024-458,ADIDAS-BOTTLE,2,1471.13,252.73
ORD-2024-459,MACBOOK-PRO,3,192.77,8.16
ORD-2024-460,MACBOOK-PRO,1,427.59,11.06
ORD-2024-460,NIKE-AIRMAX,3,741.48,6.56
ORD-2024-461,ADIDAS-GLOVES,2,2028.59,183.36
ORD-2024-461,IPHONE-15-256,3,891.42,166.23
ORD-2024-461,IPAD-AIR,2,2327.37,255.74
ORD-2024-462,MACBOOK-PRO,3,469.13,84.85
ORD-2024-462,NIKE-BAG,3,799.88,0.18
ORD-2024-463,IPHONE-15-128,2,343.26,41.0
ORD-2024-463,ADIDAS-SHORTS,1,172.37,33.68
ORD-2024-463,ADIDAS-ULTRABOOST,2,2289.11,220.59
ORD-2024-464,ADIDAS-ULTRABOOST,1,1100.57,141.34
ORD-2024-465,ADIDAS-BAG,2,1697.49,104.8
ORD-2024-465,SAMSUNG-BUDS,1,559.09,4.0
ORD-2024-466,ADIDAS-STANSMITH,3,788.25,75.54
ORD-2024-466,APPLE-WATCH,3,489.53,15.79
ORD-2024-467,NIKE-AIRMAX,2,762.81,92.24
ORD-2024-468,SONY-WH1000XM4,3,2353.16,458.97
ORD-2024-468,ADIDAS-SOCKS,2,787.83,79.06
ORD-2024-469,NIKE-DRI-FIT,2,1784.9,128.02
ORD-2024-470,NIKE-DRI-FIT,3,183.51,31.28
ORD-2024-470,NIKE-GLOVES,1,177.67,23.89
ORD-2024-471,ADIDAS-ULTRABOOST,2,1587.4,138.41
ORD-2024-471,IPHONE-15-256,3,857.51,164.8
ORD-2024-472,NIKE-BALL,3,1600.53,251.1
ORD-2024-472,NIKE-SOCKS,1,1436.79,5.16
ORD-2024-473,NIKE-GLOVES,3,1579.06,49.12
ORD-2024-474,NIKE-AIRFORCE,3,419.88,29.25
ORD-2024-475,NIKE-SOCKS,1,910.03,102.3
ORD-2024-475,ADIDAS-STANSMITH,2,1580.01,138.88
ORD-2024-475,IPAD-PRO,1,88.42,6.16
ORD-2024-476,NIKE-SOCKS,2,1394.08,256.72
ORD-2024-476,MACBOOK-PRO,1,2041.65,320.33
ORD-2024-477,NIKE-LEGGINGS,3,2281.71,433.61
ORD-2024-477,IPHONE-15-PRO,1,502.4,5.24
ORD-2024-478,AIRPODS-MAX,1,1077.36,49.32
ORD-2024-478,NIKE-AIRMAX,2,49.27,0.89
ORD-2024-478,IPHONE-15-128,1,2490.51,74.61
ORD-2024-479,ADIDAS-SWEATSHIRT,2,2085.09,331.36
ORD-2024-479,SAMSUNG-S24-ULTRA,2,1801.54,307.06
ORD-2024-479,IPHONE-15-PRO,3,298.39,54.72
ORD-2024-480,ADIDAS-SOCKS,1,743.42,53.42
ORD-2024-480,IPHONE-15-PRO,2,941.78,25.01
ORD-2024-481,ADIDAS-TRACK,1,1074.15,52.01
ORD-2024-481,IPHONE-15-PRO,3,393.26,46.25
ORD-2024-481,IPAD-AIR,1,1711.48,54.2
ORD-2024-482,ADIDAS-STANSMITH,1,325.03,44.63
ORD-2024-482,NIKE-SOCKS,1,1950.78,318.42
ORD-2024-483,ADIDAS-BEANIE,3,1574.72,21.83
ORD-2024-483,SONY-WH1000XM4,1,1728.39,297.44
ORD-2024-484,MACBOOK-AIR,2,1924.33,316.75
ORD-2024-485,SONY-WH1000XM4,3,1466.05,289.99
ORD-2024-485,NIKE-HOODIE,3,2049.15,376.18
ORD-2024-485,ADIDAS-GLOVES,1,1186.22,165.48
ORD-2024-486,AIRPODS-MAX,1,511.46,45.08
ORD-2024-486,NIKE-BALL,3,939.68,174.61
ORD-2024-486,IPHONE-15-256,3,2123.97,29.32
ORD-2024-487,AIRPODS-PRO,2,966.53,14.77
ORD-2024-487,SONY-WH1000XM4,3,1859.44,42.88
ORD-2024-488,NIKE-AIRMAX,1,1335.56,174.02
ORD-2024-488,SAMSUNG-S24-ULTRA,3,1885.31,26.01
ORD-2024-489,SAMSUNG-S24-ULTRA,2,994.84,107.23
ORD-2024-490,IPHONE-15-128,1,1803.81,107.77
ORD-2024-490,ADIDAS-STANSMITH,2,1670.97,121.04
ORD-2024-491,SONY-WH1000XM5,3,461.18,16.02
ORD-2024-492,SAMSUNG-S24-ULTRA,3,2087.78,231.68
ORD-2024-492,SAMSUNG-BUDS,2,1496.35,211.69
ORD-2024-492,NIKE-JORDAN,1,1436.6,103.2
ORD-2024-493,SAMSUNG-S24-ULTRA,1,994.09,172.99
ORD-2024-493,ADIDAS-BAG,3,2496.89,54.62
ORD-2024-493,NIKE-HOODIE,2,1153.88,97.02
ORD-2024-494,ADIDAS-BEANIE,1,930.6,94.47
ORD-2024-495,ADIDAS-GLOVES,2,156.49,12.98
ORD-2024-496,SAMSUNG-WATCH,3,368.89,11.54
ORD-2024-496,ADIDAS-BOTTLE,2,1787.93,325.7
ORD-2024-496,IPHONE-15-256,1,2052.35,110.19
ORD-2024-497,ADIDAS-ULTRABOOST,3,539.96,104.9
ORD-2024-498,NIKE-LEGGINGS,3,1073.76,86.82
ORD-2024-499,NIKE-BALL,1,708.36,9.95
ORD-2024-499,SAMSUNG-S24,2,348.36,6.24
ORD-2024-500,SONY-WH1000XM5,2,2383.88,111.82
ORD-2024-501,APPLE-WATCH,1,474.51,94.49
ORD-2024-501,ADIDAS-SOCKS,2,247.5,16.18
ORD-2024-501,NIKE-BOTTLE,2,338.2,63.19
ORD-2024-502,ADIDAS-BOTTLE,1,2172.96,256.86
ORD-2024-503,NIKE-SOCKS,1,2117.03,64.49
ORD-2024-504,ADIDAS-BALL,3,905.79,42.49
ORD-2024-504,IPAD-AIR,3,565.01,104.14
ORD-2024-504,ADIDAS-BAG,3,1326.39,116.41
ORD-2024-505,SAMSUNG-TAB,2,1660.78,301.84
ORD-2024-505,ADIDAS-GLOVES,3,450.85,32.98
ORD-2024-506,SAMSUNG-BUDS,3,465.35,6.02
ORD-2024-507,ADIDAS-BOTTLE,3,2420.0,270.26
ORD-2024-507,NIKE-AIRFORCE,1,1544.39,212.23
ORD-2024-508,SAMSUNG-S24,2,1650.05,317.4
ORD-2024-509,NIKE-AIRFORCE,2,526.84,58.15
ORD-2024-509,AIRPODS-MAX,2,1386.53,63.5
ORD-2024-510,ADIDAS-BEANIE,1,1949.73,329.66
ORD-2024-510,NIKE-HOODIE,1,1830.84,9.63
ORD-2024-510,IPAD-AIR,1,1570.68,61.42
ORD-2024-511,NIKE-JORDAN,1,2224.53,103.26
ORD-2024-512,ADIDAS-BALL,1,1690.6,32.7
ORD-2024-513,NIKE-AIRMAX,1,2164.61,141.01
ORD-2024-514,NIKE-BOTTLE,2,2286.78,123.88
ORD-2024-515,ADIDAS-SHORTS,2,334.85,24.85
ORD-2024-515,MACBOOK-PRO,1,1812.41,246.56
ORD-2024-516,IPHONE-15-PRO,3,63.31,1.19
ORD-2024-516,NIKE-AIRFORCE,2,2186.59,290.19
ORD-2024-517,NIKE-GLOVES,1,883.8,16.6
ORD-2024-518,MACBOOK-AIR,1,1042.29,39.33
ORD-2024-518,ADIDAS-SOCKS,1,874.88,3.68
ORD-2024-518,IPAD-PRO,2,1132.1,158.7
ORD-2024-519,ADIDAS-BALL,1,1411.52,254.24
ORD-2024-519,ADIDAS-STANSMITH,1,1222.04,225.03
ORD-2024-519,MACBOOK-PRO,3,953.11,140.4
ORD-2024-520,IPAD-AIR,1,1207.48,217.88
ORD-2024-521,NIKE-AIRMAX,3,1859.2,83.16
ORD-2024-521,ADIDAS-TRACK,1,1837.57,35.75
ORD-2024-521,MACBOOK-PRO,3,1337.39,71.21
ORD-2024-522,SONY-WH1000XM5,1,2181.87,412.32
ORD-2024-522,ADIDAS-BAG,3,1014.19,46.65
ORD-2024-522,ADIDAS-TRACK,3,2066.14,139.06
ORD-2024-523,SONY-WH1000XM4,1,451.42,41.0
ORD-2024-523,NIKE-AIRMAX,1,1287.11,69.53
ORD-2024-523,NIKE-SOCKS,2,1610.49,250.66
ORD-2024-524,SONY-WH1000XM4,3,64.75,12.74
ORD-2024-524,IPHONE-15-128,1,1958.46,46.53
ORD-2024-525,NIKE-BALL,3,1154.5,18.24
ORD-2024-526,NIKE-JORDAN,2,945.32,0.99
ORD-2024-526,ADIDAS-BAG,1,185.01,26.21
ORD-2024-527,SONY-WH1000XM4,1,977.71,117.53
ORD-2024-527,NIKE-BAG,2,1451.04,212.54
ORD-2024-527,ADIDAS-TRACK,1,1411.08,56.02
ORD-2024-528,SAMSUNG-WATCH,1,693.17,6.41
ORD-2024-529,MACBOOK-AIR,2,1559.88,4.27
ORD-2024-529,SAMSUNG-S24-ULTRA,3,1211.08,46.24
ORD-2024-529,ADIDAS-SHORTS,1,728.65,6.16
ORD-2024-530,NIKE-SOCKS,3,805.48,60.92
ORD-2024-531,MACBOOK-AIR,1,165.54,20.75
ORD-2024-531,ADIDAS-BALL,2,2025.19,358.79
ORD-2024-531,ADIDAS-SWEATSHIRT,3,2282.05,73.11
ORD-2024-532,ADIDAS-SWEATSHIRT,3,76.04,9.66
ORD-2024-532,SAMSUNG-BUDS,3,694.2,8.31
ORD-2024-532,SAMSUNG-S24-ULTRA,1,2257.46,356.64
ORD-2024-533,NIKE-AIRFORCE,1,990.05,19.42
ORD-2024-533,SONY-WH1000XM4,3,2087.2,269.95
ORD-2024-533,ADIDAS-SHORTS,2,1073.88,131.64
ORD-2024-534,ADIDAS-BAG,3,2456.84,306.13
ORD-2024-535,NIKE-LEGGINGS,3,922.82,52.03
ORD-2024-536,ADIDAS-BOTTLE,2,1362.27,11.77
ORD-2024-537,ADIDAS-GLOVES,1,171.05,17.56
ORD-2024-538,APPLE-WATCH,1,1673.29,315.59
ORD-2024-538,NIKE-DRI-FIT,2,283.06,50.87
ORD-2024-539,ADIDAS-SWEATSHIRT,2,2400.25,259.26
ORD-2024-539,SAMSUNG-S24,3,1034.79,40.09
ORD-2024-540,NIKE-BALL,2,2008.72,236.71
ORD-2024-541,ADIDAS-GLOVES,3,1276.24,186.98
ORD-2024-541,NIKE-BALL,3,2221.08,395.28
ORD-2024-542,MACBOOK-AIR,3,867.46,36.82
ORD-2024-543,ADIDAS-SOCKS,1,1088.26,202.59
ORD-2024-543,NIKE-BALL,3,335.57,31.89
ORD-2024-544,SONY-WH1000XM5,1,254.11,25.55
ORD-2024-544,SAMSUNG-S24-ULTRA,1,1095.67,61.45
ORD-2024-544,ADIDAS-TRACK,3,1177.04,221.65
ORD-2024-545,ADIDAS-ULTRABOOST,3,2056.26,312.62
ORD-2024-546,IPAD-AIR,3,1256.6,98.31
ORD-2024-546,ADIDAS-SOCKS,2,947.95,66.76
ORD-2024-547,NIKE-SOCKS,1,1229.91,117.94
ORD-2024-548,SAMSUNG-TAB,2,257.7,37.03
ORD-2024-548,SONY-WH1000XM5,1,2038.79,20.08
ORD-2024-548,ADIDAS-STANSMITH,1,2230.75,351.46
ORD-2024-549,NIKE-LEGGINGS,1,2294.25,324.87
ORD-2024-549,ADIDAS-ULTRABOOST,2,2219.11,110.48
ORD-2024-549,IPHONE-15-128,3,2039.57,8.57
ORD-2024-550,NIKE-DRI-FIT,2,1909.48,302.01
ORD-2024-550,ADIDAS-BEANIE,3,335.03,48.41
ORD-2024-550,SAMSUNG-BUDS,3,1939.43,381.59
ORD-2024-551,IPAD-PRO,3,1427.79,145.66
ORD-2024-551,NIKE-BOTTLE,1,1150.76,213.1
ORD-2024-552,NIKE-BALL,3,83.57,1.65
ORD-2024-552,ADIDAS-BAG,1,2474.09,96.6
ORD-2024-553,NIKE-GLOVES,2,1909.8,379.42
ORD-2024-554,IPHONE-15-256,3,829.46,105.14
ORD-2024-555,SAMSUNG-S24-ULTRA,1,352.08,7.66
ORD-2024-555,MACBOOK-PRO,1,2478.03,175.39
ORD-2024-555,MACBOOK-AIR,1,318.16,18.04
ORD-2024-556,ADIDAS-BAG,2,48.35,1.2
ORD-2024-556,AIRPODS-PRO,2,1290.69,208.47
ORD-2024-557,NIKE-JORDAN,3,2377.65,97.62
ORD-2024-558,ADIDAS-SOCKS,2,866.39,65.51
ORD-2024-558,NIKE-JORDAN,3,917.58,79.38
ORD-2024-559,SONY-WH1000XM5,2,1303.18,198.06
ORD-2024-560,IPHONE-15-128,3,1597.62,113.9
ORD-2024-560,NIKE-BAG,1,853.57,61.62
ORD-2024-561,MACBOOK-PRO,2,1453.37,179.21
ORD-2024-561,SAMSUNG-TAB,3,1487.17,77.18
ORD-2024-562,NIKE-AIRFORCE,2,2077.8,21.81
ORD-2024-562,IPHONE-15-256,1,599.32,57.18
ORD-2024-563,NIKE-HOODIE,1,2414.12,482.59
ORD-2024-563,ADIDAS-BAG,1,610.59,11.6
ORD-2024-564,SONY-WH1000XM4,2,1181.54,146.97
ORD-2024-564,ADIDAS-SHORTS,2,140.58,4.11
ORD-2024-564,ADIDAS-BALL,1,1877.52,1.23
ORD-2024-565,SAMSUNG-WATCH,3,221.76,35.43
ORD-2024-566,SAMSUNG-S24,3,491.29,71.96
ORD-2024-566,SAMSUNG-S24,2,344.93,3.53
ORD-2024-567,ADIDAS-SHORTS,2,602.56,59.1
ORD-2024-567,ADIDAS-SOCKS,3,2185.86,64.95
ORD-2024-568,NIKE-BAG,3,2096.6,387.17
ORD-2024-568,NIKE-AIRFORCE,3,925.31,118.09
ORD-2024-568,IPAD-PRO,1,609.15,91.37
ORD-2024-569,AIRPODS-PRO,1,858.72,34.79
ORD-2024-569,NIKE-LEGGINGS,1,1612.5,191.28
ORD-2024-570,ADIDAS-SOCKS,3,228.75,0.31
ORD-2024-570,ADIDAS-BOTTLE,3,2413.53,388.35
ORD-2024-570,NIKE-LEGGINGS,1,1769.26,170.62
ORD-2024-571,IPHONE-15-128,2,869.5,124.05
ORD-2024-571,SAMSUNG-S24-ULTRA,3,166.95,19.61
ORD-2024-572,NIKE-BOTTLE,3,1217.71,53.25
ORD-2024-572,AIRPODS-PRO,1,876.49,80.09
ORD-2024-572,IPAD-PRO,3,157.5,4.76
ORD-2024-573,NIKE-DRI-FIT,3,63.04,10.42
ORD-2024-573,NIKE-GLOVES,3,981.44,67.3
ORD-2024-573,IPHONE-15-256,3,2220.27,89.9
ORD-2024-574,NIKE-JORDAN,1,2449.31,151.92
ORD-2024-574,ADIDAS-ULTRABOOST,3,1979.89,85.48
ORD-2024-575,SAMSUNG-S24-ULTRA,3,908.62,146.42
ORD-2024-576,ADIDAS-SWEATSHIRT,1,1542.89,87.76
ORD-2024-576,NIKE-JORDAN,3,540.09,38.3
ORD-2024-576,IPHONE-15-128,3,1486.94,97.9
ORD-2024-577,SAMSUNG-S24-ULTRA,2,1827.51,56.61
ORD-2024-578,ADIDAS-TRACK,1,986.54,138.2
ORD-2024-578,APPLE-WATCH,1,711.7,108.6
ORD-2024-578,MACBOOK-AIR,3,1236.08,200.32
ORD-2024-579,APPLE-WATCH,2,2015.13,93.91
ORD-2024-580,NIKE-AIRMAX,3,1516.72,177.6
ORD-2024-581,NIKE-BALL,3,1671.79,128.32
ORD-2024-581,NIKE-HOODIE,1,310.37,55.04
ORD-2024-581,NIKE-HOODIE,3,2017.43,248.69
ORD-2024-582,MACBOOK-AIR,2,2479.02,300.47
ORD-2024-582,SONY-WH1000XM4,3,466.56,42.19
ORD-2024-583,ADIDAS-BEANIE,1,1897.83,114.01
ORD-2024-584,NIKE-BALL,1,218.75,32.5
ORD-2024-584,ADIDAS-TRACK,2,454.21,45.13
ORD-2024-585,NIKE-AIRMAX,3,743.4,20.91
ORD-2024-585,SONY-WH1000XM4,2,2267.09,20.81
ORD-2024-585,ADIDAS-SWEATSHIRT,1,445.44,71.89
ORD-2024-586,AIRPODS-MAX,2,1475.42,118.87
ORD-2024-587,ADIDAS-BAG,1,1203.54,207.17
ORD-2024-587,NIKE-CAP,1,1141.77,97.75
ORD-2024-588,SAMSUNG-S24-ULTRA,2,1036.53,52.52
ORD-2024-588,ADIDAS-BOTTLE,2,906.34,165.67
ORD-2024-589,ADIDAS-ULTRABOOST,1,2109.18,112.68
ORD-2024-589,IPAD-PRO,3,213.17,26.32
ORD-2024-590,ADIDAS-TRACK,3,1930.5,72.85
ORD-2024-590,IPHONE-15-256,3,2254.54,97.29
ORD-2024-591,SONY-WH1000XM5,1,324.07,16.25
ORD-2024-591,NIKE-SOCKS,3,1111.44,52.46
ORD-2024-591,SAMSUNG-S24,3,272.66,30.46
ORD-2024-592,SAMSUNG-S24,2,1652.11,51.71
ORD-2024-592,SAMSUNG-S24,3,877.06,10.27
ORD-2024-593,IPAD-PRO,1,1668.33,313.11
ORD-2024-593,NIKE-HOODIE,2,1687.46,72.32
ORD-2024-593,AIRPODS-MAX,1,1672.77,172.22
ORD-2024-594,NIKE-DRI-FIT,3,1005.43,160.23
ORD-2024-594,SONY-WH1000XM4,3,1477.71,241.54
ORD-2024-594,ADIDAS-SWEATSHIRT,3,21.3,3.88
ORD-2024-595,MACBOOK-AIR,3,1021.49,159.58
ORD-2024-595,ADIDAS-SWEATSHIRT,3,74.72,9.79
ORD-2024-595,ADIDAS-SHORTS,2,324.45,17.25
ORD-2024-596,NIKE-BAG,1,1116.33,89.82
ORD-2024-597,ADIDAS-SHORTS,2,1607.79,128.77
ORD-2024-598,NIKE-BALL,1,1665.07,74.64
ORD-2024-598,ADIDAS-TRACK,2,494.19,72.21
ORD-2024-599,SAMSUNG-BUDS,1,345.88,38.58
ORD-2024-599,ADIDAS-GLOVES,3,2190.14,61.98
ORD-2024-599,NIKE-AIRFORCE,1,490.19,58.5
ORD-2024-600,SAMSUNG-TAB,1,489.46,18.27
ORD-2024-600,NIKE-BOTTLE,1,1097.9,56.19
ORD-2024-600,NIKE-CAP,1,1268.39,95.58
ORD-2024-601,ADIDAS-SOCKS,2,2182.04,151.98
ORD-2024-602,IPAD-PRO,1,577.12,109.67
ORD-2024-603,APPLE-WATCH,3,1273.6,116.79
ORD-2024-603,NIKE-CAP,1,824.51,54.87
ORD-2024-603,SAMSUNG-BUDS,3,1026.94,38.29
ORD-2024-604,AIRPODS-MAX,3,696.36,41.32
ORD-2024-605,AIRPODS-PRO,3,1196.98,66.94
ORD-2024-606,ADIDAS-TRACK,1,57.47,3.35
ORD-2024-607,SAMSUNG-S24,1,1633.85,175.85
ORD-2024-607,AIRPODS-PRO,1,669.84,88.59
ORD-2024-607,NIKE-AIRFORCE,1,2384.07,370.31
ORD-2024-608,ADIDAS-GLOVES,3,1024.29,73.91
ORD-2024-609,NIKE-CAP,2,418.34,21.21
ORD-2024-610,IPHONE-15-256,2,2180.2,362.77
ORD-2024-610,ADIDAS-BEANIE,1,38.1,5.05
ORD-2024-611,NIKE-AIRFORCE,3,2499.14,219.13
ORD-2024-611,NIKE-JORDAN,1,679.53,94.54
ORD-2024-611,NIKE-BOTTLE,1,2049.51,12.01
ORD-2024-612,ADIDAS-STANSMITH,3,1024.01,49.08
ORD-2024-613,IPAD-PRO,1,495.57,42.33
ORD-2024-613,ADIDAS-ULTRABOOST,3,372.61,69.18
ORD-2024-614,ADIDAS-SHORTS,3,905.25,59.29
ORD-2024-615,ADIDAS-BALL,2,1876.82,249.81
ORD-2024-615,IPHONE-15-PRO,1,1668.03,180.51
ORD-2024-615,ADIDAS-BEANIE,1,593.75,21.2
ORD-2024-616,NIKE-AIRFORCE,1,999.16,147.83
ORD-2024-616,ADIDAS-SWEATSHIRT,2,42.41,5.01
ORD-2024-617,SAMSUNG-S24-ULTRA,1,302.63,45.47
ORD-2024-617,ADIDAS-SHORTS,1,2411.43,229.06
ORD-2024-617,ADIDAS-GLOVES,1,323.74,44.17
ORD-2024-618,IPAD-PRO,1,2432.06,138.39
ORD-2024-619,IPHONE-15-256,3,1833.8,0.67
ORD-2024-619,NIKE-AIRFORCE,3,645.35,30.31
ORD-2024-619,AIRPODS-PRO,1,1884.16,212.58
ORD-2024-620,SONY-WH1000XM5,3,2133.48,4.51
ORD-2024-621,ADIDAS-GLOVES,1,1993.52,91.03
ORD-2024-621,ADIDAS-SWEATSHIRT,3,1773.73,316.98
ORD-2024-621,NIKE-BAG,2,753.85,78.08
ORD-2024-622,IPAD-AIR,1,1433.59,253.96
ORD-2024-622,ADIDAS-BEANIE,2,190.75,13.68
ORD-2024-623,NIKE-BALL,2,1022.29,102.44
ORD-2024-623,APPLE-WATCH,3,524.25,86.38
ORD-2024-624,ADIDAS-STANSMITH,1,617.61,92.67
ORD-2024-625,SAMSUNG-BUDS,2,1627.49,262.47
ORD-2024-625,NIKE-BALL,3,2088.65,278.54
ORD-2024-625,ADIDAS-SWEATSHIRT,3,87.23,6.32
ORD-2024-626,NIKE-BOTTLE,2,897.99,79.58
ORD-2024-627,ADIDAS-ULTRABOOST,1,1716.15,6.53
ORD-2024-627,MACBOOK-AIR,2,550.97,106.05
ORD-2024-627,SAMSUNG-S24,1,2400.51,437.41
ORD-2024-628,IPAD-PRO,2,1408.55,222.65
ORD-2024-628,ADIDAS-SHORTS,2,1647.4,225.4
ORD-2024-629,SONY-WH1000XM5,3,1579.6,145.68
ORD-2024-630,IPAD-AIR,2,1133.68,29.19
ORD-2024-631,SAMSUNG-S24-ULTRA,3,1564.84,178.6
ORD-2024-632,SAMSUNG-TAB,2,1913.22,205.09
ORD-2024-632,ADIDAS-STANSMITH,2,1044.67,62.18
ORD-2024-632,ADIDAS-BOTTLE,2,2143.84,290.45
ORD-2024-633,ADIDAS-GLOVES,1,1105.91,0.76
ORD-2024-633,ADIDAS-ULTRABOOST,3,1819.56,57.35
ORD-2024-634,SAMSUNG-S24,2,2361.52,398.97
ORD-2024-634,NIKE-AIRFORCE,3,1735.88,137.45
ORD-2024-635,NIKE-CAP,2,1443.51,265.03
ORD-2024-635,NIKE-CAP,1,1634.3,75.23
ORD-2024-635,SONY-WH1000XM5,3,563.25,38.09
ORD-2024-636,IPHONE-15-PRO,2,1542.79,299.1
ORD-2024-636,ADIDAS-BEANIE,1,1869.87,87.31
ORD-2024-637,ADIDAS-SWEATSHIRT,3,2479.49,473.78
ORD-2024-638,ADIDAS-SOCKS,2,1046.88,39.92
ORD-2024-638,NIKE-DRI-FIT,3,869.55,73.7
ORD-2024-638,SONY-WH1000XM5,2,254.8,46.07
ORD-2024-639,ADIDAS-GLOVES,3,1252.91,208.24
ORD-2024-639,MACBOOK-AIR,3,342.53,67.6
ORD-2024-640,ADIDAS-BOTTLE,1,150.78,25.05
ORD-2024-640,NIKE-DRI-FIT,3,1897.63,115.32
ORD-2024-641,ADIDAS-SWEATSHIRT,3,2433.46,311.27
ORD-2024-642,NIKE-LEGGINGS,2,1029.73,179.43
ORD-2024-643,NIKE-JORDAN,1,689.57,36.81
ORD-2024-643,NIKE-SOCKS,1,1046.45,12.57
ORD-2024-644,SONY-WH1000XM5,2,1334.87,24.52
ORD-2024-644,ADIDAS-SWEATSHIRT,2,2230.3,355.22
ORD-2024-644,AIRPODS-MAX,3,2330.14,373.83
ORD-2024-645,NIKE-LEGGINGS,3,1044.42,200.3
ORD-2024-645,SONY-WH1000XM4,3,460.3,10.85
ORD-2024-646,NIKE-BOTTLE,2,2194.43,292.09
ORD-2024-646,SONY-WH1000XM4,3,177.64,22.11
ORD-2024-647,MACBOOK-AIR,3,962.12,75.24
ORD-2024-648,NIKE-JORDAN,1,1060.64,73.81
ORD-2024-648,ADIDAS-ULTRABOOST,3,2092.38,273.31
ORD-2024-649,NIKE-DRI-FIT,3,301.78,45.26
ORD-2024-649,NIKE-SOCKS,3,1804.72,247.41
ORD-2024-649,SAMSUNG-S24,1,1131.47,36.5
ORD-2024-650,NIKE-GLOVES,1,1001.76,19.9
ORD-2024-651,MACBOOK-PRO,2,190.39,5.04
ORD-2024-651,APPLE-WATCH,1,722.42,81.82
ORD-2024-651,NIKE-GLOVES,3,284.55,36.23
ORD-2024-652,NIKE-SOCKS,3,471.6,78.84
ORD-2024-652,ADIDAS-ULTRABOOST,3,1052.02,51.37
ORD-2024-653,SONY-WH1000XM5,1,274.18,18.97
ORD-2024-653,ADIDAS-TRACK,3,536.79,59.03
ORD-2024-653,ADIDAS-STANSMITH,3,1008.35,147.24
ORD-2024-654,NIKE-GLOVES,1,1527.21,137.38
ORD-2024-654,NIKE-CAP,2,509.73,83.15
ORD-2024-654,ADIDAS-SOCKS,3,758.69,151.48
ORD-2024-655,NIKE-BOTTLE,3,1376.19,266.03
ORD-2024-655,AIRPODS-MAX,1,848.13,11.02
ORD-2024-655,ADIDAS-SOCKS,3,252.86,45.47
ORD-2024-656,ADIDAS-BEANIE,3,126.66,5.41
ORD-2024-657,SAMSUNG-BUDS,1,1198.71,128.8
ORD-2024-658,ADIDAS-TRACK,2,1564.33,162.74
ORD-2024-659,ADIDAS-SHORTS,2,1777.06,16.71
ORD-2024-659,NIKE-DRI-FIT,3,1845.07,104.11
ORD-2024-659,IPHONE-15-128,3,1760.48,230.02
ORD-2024-660,NIKE-BOTTLE,1,2452.12,279.23
ORD-2024-660,SAMSUNG-S24-ULTRA,2,1830.02,57.62
ORD-2024-660,IPHONE-15-PRO,2,2179.33,80.61
ORD-2024-661,NIKE-DRI-FIT,2,65.17,8.42
ORD-2024-662,ADIDAS-SWEATSHIRT,3,1477.52,168.39
ORD-2024-663,MACBOOK-PRO,3,127.62,18.3
ORD-2024-663,IPHONE-15-256,2,22.57,1.73
ORD-2024-664,MACBOOK-PRO,3,1137.97,156.08
ORD-2024-665,ADIDAS-SOCKS,3,174.77,2.4
ORD-2024-665,AIRPODS-PRO,2,473.84,58.1
ORD-2024-665,NIKE-LEGGINGS,3,2169.68,53.89
ORD-2024-666,ADIDAS-STANSMITH,3,125.31,17.33
ORD-2024-666,ADIDAS-ULTRABOOST,1,2268.02,86.91
ORD-2024-667,ADIDAS-ULTRABOOST,3,1877.07,13.71
ORD-2024-667,NIKE-AIRMAX,1,50.68,3.26
ORD-2024-667,MACBOOK-PRO,1,2180.23,435.9
ORD-2024-668,SONY-WH1000XM4,2,1956.91,164.22
ORD-2024-668,SONY-WH1000XM4,3,2229.8,183.13
ORD-2024-669,SAMSUNG-S24-ULTRA,1,836.34,9.38
ORD-2024-669,NIKE-JORDAN,3,501.55,8.6
ORD-2024-670,NIKE-BALL,2,2389.04,335.3
ORD-2024-670,IPHONE-15-PRO,2,806.46,20.98
ORD-2024-671,NIKE-SOCKS,1,1545.75,65.6
ORD-2024-671,IPHONE-15-PRO,1,348.78,52.93
ORD-2024-671,NIKE-AIRMAX,1,2365.68,360.57
ORD-2024-672,SAMSUNG-S24,2,393.53,76.92
ORD-2024-673,NIKE-LEGGINGS,2,1450.01,126.74
ORD-2024-673,SAMSUNG-TAB,1,1945.67,388.72
ORD-2024-674,SAMSUNG-S24,3,2261.32,76.14
ORD-2024-674,IPAD-PRO,3,1443.66,276.11
ORD-2024-675,MACBOOK-PRO,2,258.32,32.25
ORD-2024-675,IPAD-PRO,3,666.45,119.83
ORD-2024-675,NIKE-SOCKS,2,2136.21,186.79
ORD-2024-676,SONY-WH1000XM4,1,2078.13,219.08
ORD-2024-676,APPLE-WATCH,2,1079.29,168.68
ORD-2024-677,IPAD-PRO,3,1824.52,313.52
ORD-2024-677,IPAD-PRO,3,986.65,33.73
ORD-2024-678,NIKE-AIRFORCE,2,2141.88,417.53
ORD-2024-678,AIRPODS-MAX,3,1843.74,356.26
ORD-2024-679,NIKE-BOTTLE,3,312.26,25.72
ORD-2024-679,ADIDAS-SWEATSHIRT,1,2072.17,302.65
ORD-2024-680,ADIDAS-BALL,1,2226.23,164.83
ORD-2024-680,ADIDAS-SHORTS,1,685.06,68.3
ORD-2024-681,SONY-WH1000XM5,1,986.55,154.26
ORD-2024-681,SAMSUNG-TAB,2,207.72,0.35
ORD-2024-681,SONY-WH1000XM4,2,1708.79,190.8
ORD-2024-682,AIRPODS-PRO,1,808.71,130.51
ORD-2024-683,SAMSUNG-BUDS,1,1117.42,150.87
ORD-2024-684,NIKE-BAG,1,1500.13,113.58
ORD-2024-684,SAMSUNG-TAB,3,1552.28,68.99
ORD-2024-685,NIKE-BOTTLE,1,1687.32,336.79
ORD-2024-685,AIRPODS-PRO,3,2220.66,264.87
ORD-2024-686,AIRPODS-MAX,3,971.06,18.67
ORD-2024-686,NIKE-CAP,1,1986.36,245.0
ORD-2024-686,NIKE-CAP,1,231.81,29.68
ORD-2024-687,ADIDAS-SOCKS,3,1132.05,196.51
ORD-2024-688,IPAD-AIR,1,137.28,11.53
ORD-2024-688,MACBOOK-PRO,2,1211.2,174.95
ORD-2024-688,NIKE-BAG,1,2119.31,214.83
ORD-2024-689,SONY-WH1000XM4,3,1352.82,241.37
ORD-2024-689,SONY-WH1000XM5,2,2151.2,238.42
ORD-2024-689,ADIDAS-SWEATSHIRT,3,229.21,33.47
ORD-2024-690,MACBOOK-AIR,1,1727.99,300.55
ORD-2024-690,NIKE-JORDAN,2,1040.43,80.08
ORD-2024-690,SAMSUNG-BUDS,1,774.55,81.74
ORD-2024-691,MACBOOK-AIR,1,1648.96,103.79
ORD-2024-692,ADIDAS-SHORTS,1,736.99,111.54
ORD-2024-692,MACBOOK-PRO,1,150.24,5.47
ORD-2024-693,SAMSUNG-BUDS,1,1692.77,96.2
ORD-2024-693,NIKE-LEGGINGS,3,853.81,35.33
ORD-2024-694,NIKE-JORDAN,1,1390.03,135.8
ORD-2024-694,ADIDAS-BOTTLE,2,1830.25,312.63
ORD-2024-694,SAMSUNG-S24-ULTRA,1,576.54,23.03
ORD-2024-695,NIKE-BOTTLE,1,1341.71,191.15
ORD-2024-695,IPHONE-15-256,1,2048.23,340.08
ORD-2024-695,NIKE-BAG,2,877.2,1.72
ORD-2024-696,IPHONE-15-256,1,1338.79,7.22
ORD-2024-696,IPHONE-15-PRO,1,1426.87,111.97
ORD-2024-696,MACBOOK-PRO,1,854.11,121.78
ORD-2024-697,NIKE-CAP,2,2125.3,151.79
ORD-2024-697,NIKE-AIRFORCE,3,2300.78,365.35
ORD-2024-697,ADIDAS-BALL,3,1201.78,158.2
ORD-2024-698,ADIDAS-SWEATSHIRT,3,1690.56,275.48
ORD-2024-698,SAMSUNG-TAB,3,1244.83,175.82
ORD-2024-699,ADIDAS-BEANIE,1,2179.49,243.2
ORD-2024-700,IPHONE-15-PRO,3,712.59,48.89
ORD-2024-701,AIRPODS-PRO,1,545.44,21.69
ORD-2024-702,AIRPODS-PRO,1,1000.26,62.39
ORD-2024-703,ADIDAS-GLOVES,2,1306.96,144.61
ORD-2024-704,ADIDAS-BAG,1,1970.78,228.89
ORD-2024-704,AIRPODS-PRO,3,257.35,35.59
ORD-2024-704,NIKE-CAP,3,1285.59,240.42
ORD-2024-705,NIKE-LEGGINGS,2,1399.85,75.19
ORD-2024-705,NIKE-CAP,1,1374.94,264.05
ORD-2024-705,AIRPODS-MAX,3,2221.96,267.59
ORD-2024-706,NIKE-DRI-FIT,2,1047.71,52.84
ORD-2024-707,NIKE-BOTTLE,1,1809.21,280.75
ORD-2024-708,ADIDAS-SOCKS,1,2440.14,11.07
ORD-2024-708,NIKE-HOODIE,2,465.69,3.16
ORD-2024-709,AIRPODS-MAX,3,312.81,48.07
ORD-2024-709,NIKE-CAP,1,2246.22,33.11
ORD-2024-709,ADIDAS-BAG,1,353.96,17.09
ORD-2024-710,ADIDAS-GLOVES,1,2018.61,96.82
ORD-2024-710,IPAD-AIR,3,769.96,28.34
ORD-2024-710,ADIDAS-ULTRABOOST,1,2377.21,113.49
ORD-2024-711,ADIDAS-GLOVES,2,495.22,62.42
ORD-2024-711,IPHONE-15-PRO,2,533.46,11.85
ORD-2024-711,IPAD-PRO,1,2454.65,305.04
ORD-2024-712,IPAD-PRO,1,634.76,102.02
ORD-2024-712,IPHONE-15-256,1,461.33,73.99
ORD-2024-712,NIKE-DRI-FIT,3,322.14,18.04
ORD-2024-713,SAMSUNG-S24-ULTRA,1,2236.59,366.61
ORD-2024-714,SAMSUNG-WATCH,3,1964.55,52.02
ORD-2024-714,NIKE-JORDAN,2,2001.39,295.74
ORD-2024-715,ADIDAS-STANSMITH,3,28.21,4.66
ORD-2024-716,SAMSUNG-BUDS,2,810.46,94.88
ORD-2024-716,AIRPODS-MAX,2,234.98,34.88
ORD-2024-716,APPLE-WATCH,2,724.73,51.83
ORD-2024-717,NIKE-BALL,3,2296.96,196.18
ORD-2024-717,SAMSUNG-BUDS,3,1234.3,225.8
ORD-2024-718,IPHONE-15-256,1,2168.67,365.84
ORD-2024-719,SAMSUNG-TAB,3,1642.42,142.42
ORD-2024-719,AIRPODS-MAX,2,712.81,120.11
ORD-2024-719,NIKE-CAP,1,1142.85,219.19
ORD-2024-720,ADIDAS-BOTTLE,1,2329.07,121.88
ORD-2024-720,IPHONE-15-256,1,1223.41,21.99
ORD-2024-721,SAMSUNG-WATCH,3,1351.1,143.31
ORD-2024-721,SONY-WH1000XM5,2,1207.9,57.24
ORD-2024-721,NIKE-BOTTLE,3,987.66,147.63
ORD-2024-722,SAMSUNG-S24-ULTRA,1,2109.5,125.82
ORD-2024-723,ADIDAS-BOTTLE,3,1716.14,30.5
ORD-2024-724,IPHONE-15-PRO,3,1930.26,340.6
ORD-2024-724,NIKE-BOTTLE,1,369.73,70.4
ORD-2024-725,SAMSUNG-BUDS,3,1602.03,32.38
ORD-2024-725,IPAD-PRO,3,2208.55,404.49
ORD-2024-726,IPHONE-15-128,3,1374.6,132.97
ORD-2024-726,SAMSUNG-WATCH,3,1387.85,7.17
ORD-2024-727,NIKE-LEGGINGS,3,2242.66,27.84
ORD-2024-727,ADIDAS-BOTTLE,2,538.97,4.43
ORD-2024-727,NIKE-LEGGINGS,2,2388.49,399.56
ORD-2024-728,SAMSUNG-TAB,2,2456.3,399.5
ORD-2024-728,SAMSUNG-S24,3,105.42,11.26
ORD-2024-729,ADIDAS-ULTRABOOST,1,43.38,3.42
ORD-2024-730,ADIDAS-ULTRABOOST,1,184.3,28.46
ORD-2024-731,IPHONE-15-128,1,279.42,0.26
ORD-2024-731,NIKE-LEGGINGS,3,715.4,46.47
ORD-2024-731,ADIDAS-BOTTLE,3,1631.0,287.47
ORD-2024-732,IPHONE-15-PRO,2,1184.24,195.84
ORD-2024-732,NIKE-AIRFORCE,3,2380.49,331.74
ORD-2024-732,IPHONE-15-PRO,3,565.21,26.98
ORD-2024-733,IPHONE-15-PRO,3,622.81,102.11
ORD-2024-733,NIKE-HOODIE,1,1152.1,135.57
ORD-2024-733,ADIDAS-ULTRABOOST,1,968.82,117.44
ORD-2024-734,NIKE-BAG,2,781.34,118.06
ORD-2024-734,NIKE-AIRFORCE,3,1155.16,49.42
