orderCode,customerId,shippingLocation,platform,orderDate,status,refundReason
ORD-2024-101,9,"Address 101, City 7",Website,2024-01-01 15:05:00,completed,
ORD-2024-102,10,"Address 102, City 58",Lazada,2024-01-02 16:42:00,completed,
ORD-2024-103,18,"Address 103, City 17",Shopee,2024-01-03 13:40:00,completed,
ORD-2024-104,14,"Address 104, City 58",Website,2024-01-04 15:16:00,completed,
ORD-2024-105,38,"Address 105, City 50",Website,2024-01-05 09:01:00,completed,
ORD-2024-106,34,"Address 106, City 1",Website,2024-01-06 10:44:00,completed,
ORD-2024-107,37,"Address 107, City 8",Website,2024-01-07 08:17:00,completed,
ORD-2024-108,33,"Address 108, City 27",Website,2024-01-08 16:16:00,completed,
ORD-2024-109,16,"Address 109, City 48",Shopee,2024-01-09 11:51:00,completed,
ORD-2024-110,25,"Address 110, City 14",Website,2024-01-10 10:58:00,completed,
ORD-2024-111,2,"Address 111, City 24",Lazada,2024-01-11 15:31:00,completed,
ORD-2024-112,38,"Address 112, City 40",Lazada,2024-01-12 12:30:00,completed,
ORD-2024-113,41,"Address 113, City 39",Shopee,2024-01-13 10:03:00,completed,
ORD-2024-114,40,"Address 114, City 18",Website,2024-01-14 14:55:00,completed,
ORD-2024-115,2,"Address 115, City 21",Shopee,2024-01-15 16:50:00,completed,
ORD-2024-116,26,"Address 116, City 36",Shopee,2024-01-16 16:59:00,completed,
ORD-2024-117,42,"Address 117, City 34",Shopee,2024-01-17 16:26:00,completed,
ORD-2024-118,29,"Address 118, City 19",Lazada,2024-01-18 18:32:00,completed,
ORD-2024-119,42,"Address 119, City 30",Shopee,2024-01-19 17:34:00,completed,
ORD-2024-120,1,"Address 120, City 20",Shopee,2024-01-20 12:15:00,completed,
ORD-2024-121,49,"Address 121, City 5",Shopee,2024-01-21 09:15:00,completed,
ORD-2024-122,34,"Address 122, City 21",Website,2024-01-22 17:05:00,completed,
ORD-2024-123,48,"Address 123, City 8",Shopee,2024-01-23 11:56:00,completed,
ORD-2024-124,27,"Address 124, City 62",Website,2024-01-24 17:56:00,completed,
ORD-2024-125,6,"Address 125, City 32",Lazada,2024-01-25 10:19:00,completed,
ORD-2024-126,7,"Address 126, City 33",Website,2024-01-26 16:31:00,completed,
ORD-2024-127,30,"Address 127, City 24",Lazada,2024-01-27 13:57:00,completed,
ORD-2024-128,45,"Address 128, City 42",Lazada,2024-01-28 09:51:00,completed,
ORD-2024-129,45,"Address 129, City 42",Website,2024-01-29 08:53:00,completed,
ORD-2024-130,44,"Address 130, City 40",Shopee,2024-01-30 16:23:00,completed,
ORD-2024-131,50,"Address 131, City 61",Lazada,2024-01-31 13:00:00,completed,
ORD-2024-132,34,"Address 132, City 28",Shopee,2024-02-01 13:20:00,completed,
ORD-2024-133,10,"Address 133, City 61",Shopee,2024-02-01 12:37:00,completed,
ORD-2024-134,46,"Address 134, City 17",Lazada,2024-02-02 09:53:00,completed,
ORD-2024-135,18,"Address 135, City 16",Website,2024-02-02 08:43:00,completed,
ORD-2024-136,5,"Address 136, City 63",Website,2024-02-03 09:42:00,completed,
ORD-2024-137,28,"Address 137, City 45",Shopee,2024-02-03 10:07:00,completed,
ORD-2024-138,42,"Address 138, City 10",Shopee,2024-02-04 15:23:00,completed,
ORD-2024-139,30,"Address 139, City 12",Shopee,2024-02-04 13:49:00,completed,
ORD-2024-140,35,"Address 140, City 39",Shopee,2024-02-05 10:29:00,completed,
ORD-2024-141,44,"Address 141, City 32",Lazada,2024-02-05 15:31:00,completed,
ORD-2024-142,20,"Address 142, City 27",Website,2024-02-06 14:22:00,completed,
ORD-2024-143,44,"Address 143, City 15",Lazada,2024-02-06 09:53:00,completed,
ORD-2024-144,35,"Address 144, City 29",Shopee,2024-02-07 15:17:00,completed,
ORD-2024-145,27,"Address 145, City 25",Website,2024-02-07 17:38:00,completed,
ORD-2024-146,30,"Address 146, City 63",Lazada,2024-02-08 10:34:00,completed,
ORD-2024-147,38,"Address 147, City 54",Shopee,2024-02-08 10:23:00,completed,
ORD-2024-148,8,"Address 148, City 60",Website,2024-02-09 18:53:00,completed,
ORD-2024-149,45,"Address 149, City 22",Shopee,2024-02-09 08:50:00,completed,
ORD-2024-150,45,"Address 150, City 25",Website,2024-02-10 11:45:00,completed,
ORD-2024-151,48,"Address 151, City 24",Lazada,2024-02-10 18:44:00,completed,
ORD-2024-152,10,"Address 152, City 60",Website,2024-02-10 09:39:00,completed,
ORD-2024-153,22,"Address 153, City 38",Lazada,2024-02-10 18:27:00,completed,
ORD-2024-154,49,"Address 154, City 36",Lazada,2024-02-10 13:36:00,completed,
ORD-2024-155,44,"Address 155, City 2",Lazada,2024-02-10 18:21:00,completed,
ORD-2024-156,14,"Address 156, City 16",Lazada,2024-02-10 14:17:00,completed,
ORD-2024-157,47,"Address 157, City 22",Website,2024-02-10 17:37:00,completed,
ORD-2024-158,35,"Address 158, City 5",Lazada,2024-02-11 15:53:00,completed,
ORD-2024-159,41,"Address 159, City 5",Website,2024-02-11 15:05:00,completed,
ORD-2024-160,11,"Address 160, City 19",Shopee,2024-02-11 13:22:00,completed,
ORD-2024-161,33,"Address 161, City 47",Website,2024-02-11 15:47:00,completed,
ORD-2024-162,15,"Address 162, City 54",Website,2024-02-11 14:41:00,completed,
ORD-2024-163,12,"Address 163, City 21",Lazada,2024-02-11 14:19:00,completed,
ORD-2024-164,32,"Address 164, City 42",Website,2024-02-11 08:08:00,completed,
ORD-2024-165,16,"Address 165, City 45",Website,2024-02-11 08:10:00,completed,
ORD-2024-166,26,"Address 166, City 26",Website,2024-02-12 15:46:00,completed,
ORD-2024-167,5,"Address 167, City 11",Shopee,2024-02-12 17:39:00,completed,
ORD-2024-168,48,"Address 168, City 5",Shopee,2024-02-12 08:14:00,completed,
ORD-2024-169,50,"Address 169, City 34",Website,2024-02-12 16:10:00,completed,
ORD-2024-170,40,"Address 170, City 24",Website,2024-02-12 10:07:00,completed,
ORD-2024-171,29,"Address 171, City 37",Website,2024-02-12 11:35:00,completed,
ORD-2024-172,39,"Address 172, City 27",Website,2024-02-12 16:02:00,completed,
ORD-2024-173,8,"Address 173, City 40",Website,2024-02-12 14:43:00,completed,
ORD-2024-174,25,"Address 174, City 9",Website,2024-02-13 09:02:00,completed,
ORD-2024-175,41,"Address 175, City 12",Lazada,2024-02-13 12:59:00,completed,
ORD-2024-176,11,"Address 176, City 49",Shopee,2024-02-13 11:38:00,completed,
ORD-2024-177,21,"Address 177, City 27",Lazada,2024-02-13 18:04:00,completed,
ORD-2024-178,2,"Address 178, City 44",Shopee,2024-02-13 11:18:00,completed,
ORD-2024-179,42,"Address 179, City 36",Shopee,2024-02-13 14:25:00,completed,
ORD-2024-180,39,"Address 180, City 44",Lazada,2024-02-13 18:11:00,completed,
ORD-2024-181,17,"Address 181, City 54",Lazada,2024-02-13 09:19:00,completed,
ORD-2024-182,4,"Address 182, City 23",Website,2024-02-14 18:24:00,completed,
ORD-2024-183,28,"Address 183, City 2",Website,2024-02-14 08:19:00,completed,
ORD-2024-184,36,"Address 184, City 62",Shopee,2024-02-14 13:10:00,completed,
ORD-2024-185,30,"Address 185, City 26",Lazada,2024-02-14 10:53:00,completed,
ORD-2024-186,11,"Address 186, City 26",Shopee,2024-02-14 09:08:00,completed,
ORD-2024-187,14,"Address 187, City 43",Shopee,2024-02-14 11:58:00,completed,
ORD-2024-188,17,"Address 188, City 8",Website,2024-02-14 15:30:00,completed,
ORD-2024-189,37,"Address 189, City 27",Lazada,2024-02-14 09:31:00,completed,
ORD-2024-190,29,"Address 190, City 6",Website,2024-02-15 16:19:00,completed,
ORD-2024-191,26,"Address 191, City 54",Lazada,2024-02-15 15:43:00,completed,
ORD-2024-192,48,"Address 192, City 48",Lazada,2024-02-15 15:10:00,completed,
ORD-2024-193,26,"Address 193, City 28",Website,2024-02-15 17:04:00,completed,
ORD-2024-194,18,"Address 194, City 33",Website,2024-02-15 14:30:00,completed,
ORD-2024-195,2,"Address 195, City 51",Lazada,2024-02-15 08:25:00,completed,
ORD-2024-196,23,"Address 196, City 38",Lazada,2024-02-15 08:17:00,completed,
ORD-2024-197,17,"Address 197, City 51",Lazada,2024-02-15 17:51:00,completed,
ORD-2024-198,9,"Address 198, City 17",Lazada,2024-02-16 11:16:00,completed,
ORD-2024-199,33,"Address 199, City 26",Website,2024-02-16 14:12:00,completed,
ORD-2024-200,48,"Address 200, City 38",Shopee,2024-02-16 14:16:00,completed,
ORD-2024-201,14,"Address 201, City 44",Website,2024-02-16 14:39:00,completed,
ORD-2024-202,32,"Address 202, City 35",Lazada,2024-02-16 16:54:00,completed,
ORD-2024-203,25,"Address 203, City 47",Shopee,2024-02-16 09:18:00,completed,
ORD-2024-204,39,"Address 204, City 41",Website,2024-02-16 13:49:00,completed,
ORD-2024-205,15,"Address 205, City 27",Shopee,2024-02-16 18:08:00,completed,
ORD-2024-206,14,"Address 206, City 36",Shopee,2024-02-17 10:55:00,completed,
ORD-2024-207,20,"Address 207, City 23",Lazada,2024-02-17 08:02:00,completed,
ORD-2024-208,24,"Address 208, City 23",Shopee,2024-02-17 16:26:00,completed,
ORD-2024-209,5,"Address 209, City 26",Lazada,2024-02-17 17:38:00,completed,
ORD-2024-210,9,"Address 210, City 43",Shopee,2024-02-17 13:09:00,completed,
ORD-2024-211,27,"Address 211, City 45",Shopee,2024-02-17 09:48:00,completed,
ORD-2024-212,9,"Address 212, City 28",Shopee,2024-02-17 13:55:00,completed,
ORD-2024-213,46,"Address 213, City 53",Shopee,2024-02-17 11:26:00,completed,
ORD-2024-214,46,"Address 214, City 47",Website,2024-02-18 13:40:00,completed,
ORD-2024-215,7,"Address 215, City 36",Website,2024-02-18 18:57:00,completed,
ORD-2024-216,8,"Address 216, City 48",Shopee,2024-02-18 15:48:00,completed,
ORD-2024-217,22,"Address 217, City 3",Lazada,2024-02-18 18:06:00,completed,
ORD-2024-218,38,"Address 218, City 58",Website,2024-02-18 17:55:00,completed,
ORD-2024-219,20,"Address 219, City 34",Lazada,2024-02-18 15:04:00,completed,
ORD-2024-220,48,"Address 220, City 13",Lazada,2024-02-18 17:35:00,completed,
ORD-2024-221,13,"Address 221, City 9",Website,2024-02-18 09:02:00,completed,
ORD-2024-222,25,"Address 222, City 13",Shopee,2024-02-19 10:29:00,completed,
ORD-2024-223,46,"Address 223, City 25",Website,2024-02-19 16:29:00,completed,
ORD-2024-224,5,"Address 224, City 29",Lazada,2024-02-19 16:12:00,completed,
ORD-2024-225,2,"Address 225, City 38",Website,2024-02-19 09:37:00,completed,
ORD-2024-226,31,"Address 226, City 4",Website,2024-02-19 18:32:00,completed,
ORD-2024-227,18,"Address 227, City 56",Lazada,2024-02-19 18:55:00,completed,
ORD-2024-228,35,"Address 228, City 45",Shopee,2024-02-19 11:06:00,completed,
ORD-2024-229,39,"Address 229, City 37",Website,2024-02-19 08:01:00,completed,
ORD-2024-230,35,"Address 230, City 39",Lazada,2024-02-20 14:31:00,completed,
ORD-2024-231,48,"Address 231, City 50",Website,2024-02-20 18:13:00,completed,
ORD-2024-232,13,"Address 232, City 17",Shopee,2024-02-20 15:44:00,completed,
ORD-2024-233,16,"Address 233, City 19",Website,2024-02-20 08:56:00,completed,
ORD-2024-234,2,"Address 234, City 19",Website,2024-02-20 17:25:00,completed,
ORD-2024-235,12,"Address 235, City 51",Website,2024-02-20 16:49:00,completed,
ORD-2024-236,18,"Address 236, City 52",Website,2024-02-20 08:05:00,completed,
ORD-2024-237,21,"Address 237, City 49",Shopee,2024-02-20 13:37:00,completed,
ORD-2024-238,5,"Address 238, City 30",Shopee,2024-02-21 10:11:00,completed,
ORD-2024-239,45,"Address 239, City 47",Website,2024-02-21 13:27:00,completed,
ORD-2024-240,45,"Address 240, City 25",Shopee,2024-02-22 17:47:00,completed,
ORD-2024-241,17,"Address 241, City 58",Lazada,2024-02-22 08:02:00,completed,
ORD-2024-242,38,"Address 242, City 12",Website,2024-02-23 11:33:00,completed,
ORD-2024-243,12,"Address 243, City 26",Shopee,2024-02-23 14:10:00,completed,
ORD-2024-244,24,"Address 244, City 17",Lazada,2024-02-24 14:46:00,completed,
ORD-2024-245,47,"Address 245, City 9",Lazada,2024-02-24 10:00:00,completed,
ORD-2024-246,30,"Address 246, City 13",Lazada,2024-02-25 17:44:00,completed,
ORD-2024-247,36,"Address 247, City 23",Website,2024-02-25 14:29:00,completed,
ORD-2024-248,21,"Address 248, City 36",Lazada,2024-02-26 12:26:00,completed,
ORD-2024-249,39,"Address 249, City 31",Website,2024-02-26 14:21:00,completed,
ORD-2024-250,15,"Address 250, City 39",Shopee,2024-02-27 08:34:00,completed,
ORD-2024-251,35,"Address 251, City 44",Lazada,2024-02-27 16:37:00,completed,
ORD-2024-252,44,"Address 252, City 12",Shopee,2024-02-28 17:01:00,completed,
ORD-2024-253,25,"Address 253, City 47",Website,2024-02-28 10:29:00,completed,
ORD-2024-254,13,"Address 254, City 3",Lazada,2024-02-29 14:00:00,completed,
ORD-2024-255,47,"Address 255, City 16",Website,2024-02-29 12:38:00,completed,
ORD-2024-256,48,"Address 256, City 28",Website,2024-03-01 13:18:00,completed,
ORD-2024-257,26,"Address 257, City 9",Shopee,2024-03-02 08:00:00,completed,
ORD-2024-258,26,"Address 258, City 13",Website,2024-03-03 10:05:00,completed,
ORD-2024-259,21,"Address 259, City 40",Shopee,2024-03-04 10:57:00,completed,
ORD-2024-260,29,"Address 260, City 17",Website,2024-03-05 17:56:00,completed,
ORD-2024-261,27,"Address 261, City 23",Website,2024-03-06 10:43:00,completed,
ORD-2024-262,49,"Address 262, City 57",Shopee,2024-03-07 15:16:00,completed,
ORD-2024-263,31,"Address 263, City 58",Lazada,2024-03-08 15:30:00,completed,
ORD-2024-264,21,"Address 264, City 38",Lazada,2024-03-09 16:20:00,completed,
ORD-2024-265,33,"Address 265, City 30",Lazada,2024-03-10 14:36:00,completed,
ORD-2024-266,40,"Address 266, City 14",Website,2024-03-11 15:19:00,completed,
ORD-2024-267,26,"Address 267, City 44",Lazada,2024-03-12 09:04:00,completed,
ORD-2024-268,3,"Address 268, City 24",Website,2024-03-13 15:03:00,completed,
ORD-2024-269,38,"Address 269, City 43",Website,2024-03-14 14:56:00,completed,
ORD-2024-270,39,"Address 270, City 18",Shopee,2024-03-15 15:36:00,completed,
ORD-2024-271,45,"Address 271, City 43",Website,2024-03-15 12:25:00,completed,
ORD-2024-272,34,"Address 272, City 4",Lazada,2024-03-16 11:32:00,completed,
ORD-2024-273,2,"Address 273, City 23",Lazada,2024-03-16 18:23:00,completed,
ORD-2024-274,9,"Address 274, City 16",Shopee,2024-03-17 17:35:00,completed,
ORD-2024-275,46,"Address 275, City 38",Lazada,2024-03-17 15:09:00,completed,
ORD-2024-276,7,"Address 276, City 57",Shopee,2024-03-18 10:15:00,completed,
ORD-2024-277,24,"Address 277, City 50",Lazada,2024-03-18 10:50:00,completed,
ORD-2024-278,23,"Address 278, City 24",Lazada,2024-03-19 14:52:00,completed,
ORD-2024-279,40,"Address 279, City 42",Website,2024-03-19 15:09:00,completed,
ORD-2024-280,16,"Address 280, City 21",Shopee,2024-03-20 12:10:00,completed,
ORD-2024-281,38,"Address 281, City 27",Lazada,2024-03-20 12:36:00,completed,
ORD-2024-282,50,"Address 282, City 9",Shopee,2024-03-21 08:28:00,completed,
ORD-2024-283,9,"Address 283, City 24",Lazada,2024-03-21 12:37:00,completed,
ORD-2024-284,14,"Address 284, City 36",Lazada,2024-03-22 14:34:00,completed,
ORD-2024-285,17,"Address 285, City 25",Lazada,2024-03-22 09:38:00,completed,
ORD-2024-286,4,"Address 286, City 61",Website,2024-03-23 18:46:00,completed,
ORD-2024-287,35,"Address 287, City 19",Shopee,2024-03-23 12:58:00,completed,
ORD-2024-288,28,"Address 288, City 42",Lazada,2024-03-24 13:08:00,completed,
ORD-2024-289,9,"Address 289, City 62",Lazada,2024-03-24 14:58:00,completed,
ORD-2024-290,43,"Address 290, City 50",Website,2024-03-25 13:05:00,completed,
ORD-2024-291,26,"Address 291, City 57",Website,2024-03-25 18:41:00,completed,
ORD-2024-292,48,"Address 292, City 15",Lazada,2024-03-26 13:31:00,completed,
ORD-2024-293,43,"Address 293, City 47",Lazada,2024-03-26 12:21:00,completed,
ORD-2024-294,7,"Address 294, City 43",Lazada,2024-03-27 08:34:00,completed,
ORD-2024-295,23,"Address 295, City 45",Website,2024-03-27 13:37:00,completed,
ORD-2024-296,50,"Address 296, City 46",Shopee,2024-03-28 16:04:00,completed,
ORD-2024-297,11,"Address 297, City 15",Lazada,2024-03-28 14:59:00,completed,
ORD-2024-298,14,"Address 298, City 3",Lazada,2024-03-29 09:49:00,completed,
ORD-2024-299,18,"Address 299, City 53",Website,2024-03-29 16:21:00,completed,
ORD-2024-300,27,"Address 300, City 54",Website,2024-03-30 11:31:00,completed,
ORD-2024-301,32,"Address 301, City 2",Website,2024-03-30 09:39:00,completed,
ORD-2024-302,50,"Address 302, City 56",Shopee,2024-03-31 15:41:00,completed,
ORD-2024-303,16,"Address 303, City 4",Lazada,2024-03-31 10:31:00,completed,
ORD-2024-304,30,"Address 304, City 55",Shopee,2024-04-01 09:42:00,completed,
ORD-2024-305,15,"Address 305, City 50",Website,2024-04-01 11:55:00,completed,
ORD-2024-306,35,"Address 306, City 40",Lazada,2024-04-01 08:05:00,completed,
ORD-2024-307,28,"Address 307, City 41",Lazada,2024-04-02 16:47:00,completed,
ORD-2024-308,28,"Address 308, City 20",Lazada,2024-04-02 12:20:00,completed,
ORD-2024-309,10,"Address 309, City 1",Lazada,2024-04-02 17:39:00,completed,
ORD-2024-310,36,"Address 310, City 60",Lazada,2024-04-03 10:47:00,completed,
ORD-2024-311,34,"Address 311, City 54",Shopee,2024-04-03 08:40:00,completed,
ORD-2024-312,41,"Address 312, City 9",Lazada,2024-04-03 18:24:00,completed,
ORD-2024-313,21,"Address 313, City 10",Shopee,2024-04-04 13:26:00,completed,
ORD-2024-314,26,"Address 314, City 35",Website,2024-04-04 08:49:00,completed,
ORD-2024-315,23,"Address 315, City 21",Website,2024-04-04 16:21:00,completed,
ORD-2024-316,48,"Address 316, City 54",Shopee,2024-04-05 16:41:00,completed,
ORD-2024-317,17,"Address 317, City 24",Lazada,2024-04-05 12:16:00,completed,
ORD-2024-318,42,"Address 318, City 63",Website,2024-04-05 15:27:00,completed,
ORD-2024-319,5,"Address 319, City 31",Lazada,2024-04-06 13:50:00,completed,
ORD-2024-320,17,"Address 320, City 7",Website,2024-04-06 16:50:00,completed,
ORD-2024-321,50,"Address 321, City 53",Shopee,2024-04-06 08:24:00,completed,
ORD-2024-322,43,"Address 322, City 2",Website,2024-04-07 08:09:00,completed,
ORD-2024-323,31,"Address 323, City 30",Lazada,2024-04-07 11:54:00,completed,
ORD-2024-324,42,"Address 324, City 35",Shopee,2024-04-07 14:29:00,completed,
ORD-2024-325,43,"Address 325, City 61",Lazada,2024-04-08 16:22:00,completed,
ORD-2024-326,25,"Address 326, City 6",Shopee,2024-04-08 08:14:00,completed,
ORD-2024-327,19,"Address 327, City 55",Shopee,2024-04-08 10:44:00,completed,
ORD-2024-328,22,"Address 328, City 17",Lazada,2024-04-09 16:05:00,completed,
ORD-2024-329,18,"Address 329, City 57",Shopee,2024-04-09 14:14:00,completed,
ORD-2024-330,49,"Address 330, City 2",Lazada,2024-04-09 09:09:00,completed,
ORD-2024-331,36,"Address 331, City 12",Website,2024-04-10 18:12:00,completed,
ORD-2024-332,3,"Address 332, City 57",Website,2024-04-10 10:59:00,completed,
ORD-2024-333,45,"Address 333, City 33",Lazada,2024-04-10 14:35:00,completed,
ORD-2024-334,26,"Address 334, City 62",Website,2024-04-11 18:55:00,completed,
ORD-2024-335,20,"Address 335, City 1",Shopee,2024-04-11 16:55:00,completed,
ORD-2024-336,2,"Address 336, City 43",Shopee,2024-04-11 08:57:00,completed,
ORD-2024-337,7,"Address 337, City 21",Website,2024-04-12 15:13:00,completed,
ORD-2024-338,25,"Address 338, City 17",Website,2024-04-12 18:24:00,completed,
ORD-2024-339,21,"Address 339, City 32",Website,2024-04-12 12:02:00,completed,
ORD-2024-340,26,"Address 340, City 56",Website,2024-04-13 16:12:00,completed,
ORD-2024-341,16,"Address 341, City 57",Website,2024-04-13 17:14:00,completed,
ORD-2024-342,49,"Address 342, City 51",Lazada,2024-04-13 18:12:00,completed,
ORD-2024-343,10,"Address 343, City 44",Shopee,2024-04-14 13:08:00,completed,
ORD-2024-344,15,"Address 344, City 51",Lazada,2024-04-14 11:59:00,completed,
ORD-2024-345,50,"Address 345, City 42",Shopee,2024-04-14 18:55:00,completed,
ORD-2024-346,7,"Address 346, City 54",Shopee,2024-04-15 09:10:00,completed,
ORD-2024-347,48,"Address 347, City 17",Shopee,2024-04-15 15:13:00,completed,
ORD-2024-348,33,"Address 348, City 27",Website,2024-04-15 17:58:00,completed,
ORD-2024-349,11,"Address 349, City 42",Shopee,2024-04-15 10:18:00,completed,
ORD-2024-350,27,"Address 350, City 56",Lazada,2024-04-15 08:37:00,completed,
ORD-2024-351,27,"Address 351, City 20",Shopee,2024-04-16 09:28:00,completed,
ORD-2024-352,36,"Address 352, City 58",Lazada,2024-04-16 15:14:00,completed,
ORD-2024-353,20,"Address 353, City 51",Website,2024-04-16 14:23:00,completed,
ORD-2024-354,50,"Address 354, City 43",Lazada,2024-04-16 18:33:00,completed,
ORD-2024-355,37,"Address 355, City 27",Shopee,2024-04-16 11:54:00,completed,
ORD-2024-356,37,"Address 356, City 49",Shopee,2024-04-17 08:24:00,completed,
ORD-2024-357,7,"Address 357, City 57",Lazada,2024-04-17 08:37:00,completed,
ORD-2024-358,48,"Address 358, City 6",Shopee,2024-04-17 13:59:00,completed,
ORD-2024-359,13,"Address 359, City 41",Website,2024-04-17 09:45:00,completed,
ORD-2024-360,20,"Address 360, City 1",Website,2024-04-17 13:57:00,completed,
ORD-2024-361,45,"Address 361, City 25",Shopee,2024-04-18 13:39:00,completed,
ORD-2024-362,37,"Address 362, City 23",Website,2024-04-18 10:40:00,completed,
ORD-2024-363,20,"Address 363, City 50",Website,2024-04-18 08:42:00,completed,
ORD-2024-364,42,"Address 364, City 47",Website,2024-04-18 13:15:00,completed,
ORD-2024-365,25,"Address 365, City 4",Website,2024-04-18 14:30:00,completed,
ORD-2024-366,15,"Address 366, City 34",Lazada,2024-04-19 09:45:00,completed,
ORD-2024-367,49,"Address 367, City 7",Lazada,2024-04-19 14:37:00,completed,
ORD-2024-368,44,"Address 368, City 60",Lazada,2024-04-19 18:00:00,completed,
ORD-2024-369,24,"Address 369, City 44",Shopee,2024-04-19 18:13:00,completed,
ORD-2024-370,24,"Address 370, City 60",Lazada,2024-04-19 17:14:00,completed,
ORD-2024-371,18,"Address 371, City 30",Website,2024-04-20 09:47:00,completed,
ORD-2024-372,14,"Address 372, City 6",Website,2024-04-20 10:00:00,completed,
ORD-2024-373,36,"Address 373, City 3",Website,2024-04-20 17:51:00,completed,
ORD-2024-374,19,"Address 374, City 10",Website,2024-04-20 09:36:00,completed,
ORD-2024-375,28,"Address 375, City 9",Shopee,2024-04-20 14:09:00,completed,
ORD-2024-376,1,"Address 376, City 51",Lazada,2024-04-21 17:30:00,completed,
ORD-2024-377,7,"Address 377, City 59",Lazada,2024-04-21 16:27:00,completed,
ORD-2024-378,15,"Address 378, City 11",Lazada,2024-04-21 12:53:00,completed,
ORD-2024-379,30,"Address 379, City 58",Shopee,2024-04-21 17:59:00,completed,
ORD-2024-380,18,"Address 380, City 28",Website,2024-04-21 13:11:00,completed,
ORD-2024-381,24,"Address 381, City 44",Shopee,2024-04-22 11:53:00,completed,
ORD-2024-382,35,"Address 382, City 50",Website,2024-04-22 11:53:00,completed,
ORD-2024-383,39,"Address 383, City 36",Lazada,2024-04-22 18:38:00,completed,
ORD-2024-384,6,"Address 384, City 32",Shopee,2024-04-22 08:24:00,completed,
ORD-2024-385,13,"Address 385, City 35",Shopee,2024-04-22 08:29:00,completed,
ORD-2024-386,38,"Address 386, City 62",Website,2024-04-23 11:03:00,completed,
ORD-2024-387,12,"Address 387, City 55",Shopee,2024-04-23 16:47:00,completed,
ORD-2024-388,3,"Address 388, City 62",Shopee,2024-04-23 18:31:00,completed,
ORD-2024-389,35,"Address 389, City 32",Shopee,2024-04-23 08:08:00,completed,
ORD-2024-390,20,"Address 390, City 61",Shopee,2024-04-23 17:59:00,completed,
ORD-2024-391,3,"Address 391, City 11",Website,2024-04-24 08:19:00,completed,
ORD-2024-392,7,"Address 392, City 43",Lazada,2024-04-24 10:55:00,completed,
ORD-2024-393,40,"Address 393, City 48",Shopee,2024-04-24 16:30:00,completed,
ORD-2024-394,4,"Address 394, City 15",Lazada,2024-04-24 09:05:00,completed,
ORD-2024-395,24,"Address 395, City 19",Website,2024-04-24 17:06:00,completed,
ORD-2024-396,22,"Address 396, City 30",Shopee,2024-04-25 18:58:00,completed,
ORD-2024-397,15,"Address 397, City 24",Website,2024-04-25 11:13:00,completed,
ORD-2024-398,34,"Address 398, City 2",Lazada,2024-04-25 08:54:00,completed,
ORD-2024-399,20,"Address 399, City 32",Shopee,2024-04-25 08:36:00,completed,
ORD-2024-400,45,"Address 400, City 18",Lazada,2024-04-25 12:45:00,completed,
ORD-2024-401,37,"Address 401, City 8",Website,2024-04-26 12:13:00,completed,
ORD-2024-402,27,"Address 402, City 48",Website,2024-04-26 10:14:00,completed,
ORD-2024-403,13,"Address 403, City 29",Website,2024-04-26 15:47:00,completed,
ORD-2024-404,20,"Address 404, City 31",Shopee,2024-04-26 14:05:00,completed,
ORD-2024-405,12,"Address 405, City 15",Shopee,2024-04-26 12:46:00,completed,
ORD-2024-406,26,"Address 406, City 17",Shopee,2024-04-27 15:17:00,completed,
ORD-2024-407,47,"Address 407, City 50",Lazada,2024-04-27 08:42:00,completed,
ORD-2024-408,31,"Address 408, City 63",Website,2024-04-27 16:34:00,completed,
ORD-2024-409,9,"Address 409, City 20",Shopee,2024-04-27 08:20:00,completed,
ORD-2024-410,40,"Address 410, City 60",Shopee,2024-04-27 18:02:00,completed,
ORD-2024-411,4,"Address 411, City 52",Shopee,2024-04-28 08:31:00,completed,
ORD-2024-412,25,"Address 412, City 14",Lazada,2024-04-28 15:06:00,completed,
ORD-2024-413,47,"Address 413, City 12",Shopee,2024-04-28 13:53:00,completed,
ORD-2024-414,21,"Address 414, City 27",Website,2024-04-28 16:51:00,completed,
ORD-2024-415,36,"Address 415, City 1",Shopee,2024-04-28 12:05:00,completed,
ORD-2024-416,50,"Address 416, City 31",Website,2024-04-29 18:59:00,completed,
ORD-2024-417,24,"Address 417, City 58",Shopee,2024-04-29 18:44:00,completed,
ORD-2024-418,46,"Address 418, City 51",Website,2024-04-29 15:28:00,completed,
ORD-2024-419,3,"Address 419, City 27",Lazada,2024-04-29 10:23:00,completed,
ORD-2024-420,40,"Address 420, City 17",Shopee,2024-04-29 16:56:00,completed,
ORD-2024-421,11,"Address 421, City 43",Shopee,2024-04-30 13:42:00,completed,
ORD-2024-422,3,"Address 422, City 36",Lazada,2024-04-30 16:00:00,completed,
ORD-2024-423,44,"Address 423, City 58",Shopee,2024-04-30 17:00:00,completed,
ORD-2024-424,16,"Address 424, City 15",Website,2024-04-30 08:23:00,completed,
ORD-2024-425,37,"Address 425, City 17",Lazada,2024-04-30 15:17:00,completed,
ORD-2024-426,40,"Address 426, City 25",Lazada,2024-05-01 10:33:00,completed,
ORD-2024-427,4,"Address 427, City 62",Shopee,2024-05-01 13:47:00,completed,
ORD-2024-428,25,"Address 428, City 58",Lazada,2024-05-01 13:47:00,completed,
ORD-2024-429,49,"Address 429, City 6",Website,2024-05-02 09:22:00,completed,
ORD-2024-430,5,"Address 430, City 57",Lazada,2024-05-02 17:19:00,completed,
ORD-2024-431,4,"Address 431, City 52",Website,2024-05-02 15:42:00,completed,
ORD-2024-432,27,"Address 432, City 50",Website,2024-05-03 10:54:00,completed,
ORD-2024-433,28,"Address 433, City 52",Lazada,2024-05-03 08:42:00,completed,
ORD-2024-434,41,"Address 434, City 41",Lazada,2024-05-03 15:01:00,completed,
ORD-2024-435,7,"Address 435, City 47",Website,2024-05-04 18:50:00,completed,
ORD-2024-436,20,"Address 436, City 4",Lazada,2024-05-04 14:53:00,completed,
ORD-2024-437,24,"Address 437, City 7",Website,2024-05-04 10:01:00,completed,
ORD-2024-438,42,"Address 438, City 4",Lazada,2024-05-05 16:48:00,completed,
ORD-2024-439,2,"Address 439, City 9",Lazada,2024-05-05 17:05:00,completed,
ORD-2024-440,28,"Address 440, City 40",Website,2024-05-05 11:09:00,completed,
ORD-2024-441,10,"Address 441, City 48",Website,2024-05-06 12:36:00,completed,
ORD-2024-442,34,"Address 442, City 10",Website,2024-05-06 12:25:00,completed,
ORD-2024-443,15,"Address 443, City 4",Shopee,2024-05-06 17:24:00,completed,
ORD-2024-444,1,"Address 444, City 21",Shopee,2024-05-07 10:29:00,completed,
ORD-2024-445,36,"Address 445, City 3",Lazada,2024-05-07 08:16:00,completed,
ORD-2024-446,43,"Address 446, City 29",Lazada,2024-05-07 18:29:00,completed,
ORD-2024-447,19,"Address 447, City 3",Lazada,2024-05-08 10:08:00,completed,
ORD-2024-448,34,"Address 448, City 55",Shopee,2024-05-08 13:41:00,completed,
ORD-2024-449,28,"Address 449, City 23",Website,2024-05-08 12:07:00,completed,
ORD-2024-450,27,"Address 450, City 12",Shopee,2024-05-09 08:59:00,completed,
ORD-2024-451,1,"Address 451, City 34",Shopee,2024-05-09 16:46:00,completed,
ORD-2024-452,34,"Address 452, City 54",Lazada,2024-05-09 16:36:00,completed,
ORD-2024-453,42,"Address 453, City 22",Shopee,2024-05-10 12:26:00,completed,
ORD-2024-454,19,"Address 454, City 6",Shopee,2024-05-10 15:08:00,completed,
ORD-2024-455,2,"Address 455, City 38",Website,2024-05-10 11:05:00,completed,
ORD-2024-456,3,"Address 456, City 48",Shopee,2024-05-11 18:50:00,completed,
ORD-2024-457,15,"Address 457, City 5",Shopee,2024-05-11 12:08:00,completed,
ORD-2024-458,12,"Address 458, City 50",Shopee,2024-05-11 18:13:00,completed,
ORD-2024-459,38,"Address 459, City 54",Website,2024-05-12 13:07:00,completed,
ORD-2024-460,18,"Address 460, City 62",Website,2024-05-12 08:07:00,completed,
ORD-2024-461,12,"Address 461, City 21",Lazada,2024-05-12 18:35:00,completed,
ORD-2024-462,45,"Address 462, City 5",Website,2024-05-13 18:52:00,completed,
ORD-2024-463,23,"Address 463, City 43",Website,2024-05-13 12:29:00,completed,
ORD-2024-464,12,"Address 464, City 16",Shopee,2024-05-13 15:06:00,completed,
ORD-2024-465,45,"Address 465, City 16",Website,2024-05-14 18:07:00,completed,
ORD-2024-466,9,"Address 466, City 35",Website,2024-05-14 12:56:00,completed,
ORD-2024-467,39,"Address 467, City 46",Lazada,2024-05-14 18:16:00,completed,
ORD-2024-468,24,"Address 468, City 25",Website,2024-05-15 17:25:00,completed,
ORD-2024-469,36,"Address 469, City 21",Lazada,2024-05-15 12:51:00,completed,
ORD-2024-470,3,"Address 470, City 32",Shopee,2024-05-15 11:04:00,completed,
ORD-2024-471,29,"Address 471, City 33",Website,2024-05-16 15:52:00,completed,
ORD-2024-472,13,"Address 472, City 59",Lazada,2024-05-16 14:14:00,completed,
ORD-2024-473,7,"Address 473, City 35",Shopee,2024-05-16 14:10:00,completed,
ORD-2024-474,29,"Address 474, City 18",Website,2024-05-17 12:18:00,completed,
ORD-2024-475,7,"Address 475, City 63",Website,2024-05-17 17:16:00,completed,
ORD-2024-476,46,"Address 476, City 7",Website,2024-05-17 14:00:00,completed,
ORD-2024-477,28,"Address 477, City 19",Shopee,2024-05-18 14:32:00,completed,
ORD-2024-478,4,"Address 478, City 42",Shopee,2024-05-18 08:59:00,completed,
ORD-2024-479,39,"Address 479, City 21",Lazada,2024-05-18 16:13:00,completed,
ORD-2024-480,47,"Address 480, City 5",Lazada,2024-05-19 08:20:00,completed,
ORD-2024-481,39,"Address 481, City 30",Lazada,2024-05-19 11:46:00,completed,
ORD-2024-482,27,"Address 482, City 33",Shopee,2024-05-19 08:50:00,completed,
ORD-2024-483,38,"Address 483, City 27",Website,2024-05-20 16:59:00,completed,
ORD-2024-484,23,"Address 484, City 8",Shopee,2024-05-20 12:17:00,completed,
ORD-2024-485,49,"Address 485, City 11",Shopee,2024-05-20 16:06:00,completed,
ORD-2024-486,48,"Address 486, City 56",Shopee,2024-05-20 14:17:00,completed,
ORD-2024-487,11,"Address 487, City 12",Shopee,2024-05-20 12:07:00,completed,
ORD-2024-488,27,"Address 488, City 20",Lazada,2024-05-20 15:18:00,completed,
ORD-2024-489,4,"Address 489, City 54",Website,2024-05-20 08:26:00,completed,
ORD-2024-490,31,"Address 490, City 33",Lazada,2024-05-20 11:17:00,completed,
ORD-2024-491,38,"Address 491, City 59",Shopee,2024-05-20 13:08:00,completed,
ORD-2024-492,26,"Address 492, City 43",Shopee,2024-05-20 11:20:00,completed,
ORD-2024-493,40,"Address 493, City 10",Website,2024-05-20 18:29:00,completed,
ORD-2024-494,19,"Address 494, City 10",Website,2024-05-20 12:10:00,completed,
ORD-2024-495,10,"Address 495, City 41",Lazada,2024-05-20 11:20:00,completed,
ORD-2024-496,41,"Address 496, City 24",Lazada,2024-05-20 14:09:00,completed,
ORD-2024-497,13,"Address 497, City 47",Shopee,2024-05-20 16:31:00,completed,
ORD-2024-498,48,"Address 498, City 18",Shopee,2024-05-21 14:11:00,completed,
ORD-2024-499,25,"Address 499, City 55",Lazada,2024-05-21 14:00:00,completed,
ORD-2024-500,13,"Address 500, City 21",Shopee,2024-05-21 17:18:00,completed,
ORD-2024-501,12,"Address 501, City 4",Website,2024-05-21 15:10:00,completed,
ORD-2024-502,48,"Address 502, City 8",Website,2024-05-21 15:50:00,completed,
ORD-2024-503,33,"Address 503, City 46",Shopee,2024-05-21 16:32:00,completed,
ORD-2024-504,1,"Address 504, City 15",Website,2024-05-21 15:50:00,completed,
ORD-2024-505,47,"Address 505, City 32",Website,2024-05-21 12:19:00,completed,
ORD-2024-506,44,"Address 506, City 37",Website,2024-05-21 13:14:00,completed,
ORD-2024-507,26,"Address 507, City 41",Website,2024-05-21 13:53:00,completed,
ORD-2024-508,44,"Address 508, City 59",Lazada,2024-05-21 13:51:00,completed,
ORD-2024-509,32,"Address 509, City 10",Shopee,2024-05-21 15:37:00,completed,
ORD-2024-510,9,"Address 510, City 9",Shopee,2024-05-21 13:15:00,completed,
ORD-2024-511,23,"Address 511, City 37",Lazada,2024-05-21 10:01:00,completed,
ORD-2024-512,39,"Address 512, City 21",Lazada,2024-05-21 10:06:00,completed,
ORD-2024-513,32,"Address 513, City 49",Shopee,2024-05-22 12:24:00,completed,
ORD-2024-514,33,"Address 514, City 2",Lazada,2024-05-22 11:43:00,completed,
ORD-2024-515,14,"Address 515, City 13",Shopee,2024-05-22 17:07:00,completed,
ORD-2024-516,12,"Address 516, City 62",Lazada,2024-05-22 15:30:00,completed,
ORD-2024-517,3,"Address 517, City 38",Lazada,2024-05-22 14:33:00,completed,
ORD-2024-518,49,"Address 518, City 28",Website,2024-05-22 10:09:00,completed,
ORD-2024-519,27,"Address 519, City 45",Lazada,2024-05-22 13:36:00,completed,
ORD-2024-520,47,"Address 520, City 34",Website,2024-05-22 09:41:00,completed,
ORD-2024-521,2,"Address 521, City 37",Shopee,2024-05-22 13:40:00,completed,
ORD-2024-522,25,"Address 522, City 63",Website,2024-05-22 17:00:00,completed,
ORD-2024-523,14,"Address 523, City 61",Lazada,2024-05-22 13:20:00,completed,
ORD-2024-524,15,"Address 524, City 2",Shopee,2024-05-22 08:14:00,completed,
ORD-2024-525,33,"Address 525, City 21",Lazada,2024-05-22 09:19:00,completed,
ORD-2024-526,8,"Address 526, City 41",Lazada,2024-05-22 18:30:00,completed,
ORD-2024-527,30,"Address 527, City 20",Shopee,2024-05-22 15:53:00,completed,
ORD-2024-528,40,"Address 528, City 57",Website,2024-05-23 13:02:00,completed,
ORD-2024-529,23,"Address 529, City 19",Website,2024-05-23 08:41:00,completed,
ORD-2024-530,13,"Address 530, City 40",Website,2024-05-23 11:37:00,completed,
ORD-2024-531,17,"Address 531, City 25",Shopee,2024-05-23 09:41:00,completed,
ORD-2024-532,29,"Address 532, City 19",Lazada,2024-05-23 18:22:00,completed,
ORD-2024-533,3,"Address 533, City 42",Shopee,2024-05-23 08:34:00,completed,
ORD-2024-534,7,"Address 534, City 30",Lazada,2024-05-23 08:16:00,completed,
ORD-2024-535,5,"Address 535, City 41",Website,2024-05-23 12:08:00,completed,
ORD-2024-536,31,"Address 536, City 60",Lazada,2024-05-23 09:24:00,completed,
ORD-2024-537,5,"Address 537, City 22",Lazada,2024-05-23 10:48:00,completed,
ORD-2024-538,32,"Address 538, City 55",Shopee,2024-05-23 15:55:00,completed,
ORD-2024-539,36,"Address 539, City 45",Website,2024-05-23 11:31:00,completed,
ORD-2024-540,43,"Address 540, City 28",Website,2024-05-23 11:08:00,completed,
ORD-2024-541,49,"Address 541, City 18",Lazada,2024-05-23 10:47:00,completed,
ORD-2024-542,48,"Address 542, City 37",Shopee,2024-05-23 16:43:00,completed,
ORD-2024-543,6,"Address 543, City 35",Shopee,2024-05-24 17:04:00,completed,
ORD-2024-544,11,"Address 544, City 51",Lazada,2024-05-24 11:35:00,completed,
ORD-2024-545,24,"Address 545, City 1",Lazada,2024-05-24 16:57:00,completed,
ORD-2024-546,3,"Address 546, City 36",Lazada,2024-05-24 14:37:00,completed,
ORD-2024-547,7,"Address 547, City 2",Shopee,2024-05-24 15:02:00,completed,
ORD-2024-548,7,"Address 548, City 39",Lazada,2024-05-24 16:50:00,completed,
ORD-2024-549,5,"Address 549, City 18",Lazada,2024-05-24 08:21:00,completed,
ORD-2024-550,22,"Address 550, City 7",Website,2024-05-24 10:38:00,completed,
ORD-2024-551,12,"Address 551, City 26",Website,2024-05-24 18:32:00,completed,
ORD-2024-552,17,"Address 552, City 40",Shopee,2024-05-24 12:51:00,completed,
ORD-2024-553,48,"Address 553, City 47",Shopee,2024-05-24 12:29:00,completed,
ORD-2024-554,43,"Address 554, City 43",Website,2024-05-24 12:23:00,completed,
ORD-2024-555,1,"Address 555, City 3",Shopee,2024-05-24 15:57:00,completed,
ORD-2024-556,17,"Address 556, City 13",Website,2024-05-24 18:36:00,completed,
ORD-2024-557,4,"Address 557, City 49",Shopee,2024-05-24 15:02:00,completed,
ORD-2024-558,29,"Address 558, City 34",Shopee,2024-05-25 11:33:00,completed,
ORD-2024-559,42,"Address 559, City 52",Lazada,2024-05-25 14:55:00,completed,
ORD-2024-560,38,"Address 560, City 49",Lazada,2024-05-25 12:01:00,completed,
ORD-2024-561,5,"Address 561, City 32",Shopee,2024-05-25 08:35:00,completed,
ORD-2024-562,15,"Address 562, City 9",Shopee,2024-05-25 17:15:00,completed,
ORD-2024-563,50,"Address 563, City 31",Shopee,2024-05-25 10:53:00,completed,
ORD-2024-564,9,"Address 564, City 42",Website,2024-05-25 11:12:00,completed,
ORD-2024-565,29,"Address 565, City 30",Lazada,2024-05-25 11:30:00,completed,
ORD-2024-566,14,"Address 566, City 18",Shopee,2024-05-25 16:05:00,completed,
ORD-2024-567,38,"Address 567, City 10",Shopee,2024-05-25 11:12:00,completed,
ORD-2024-568,12,"Address 568, City 27",Shopee,2024-05-25 09:22:00,completed,
ORD-2024-569,18,"Address 569, City 56",Lazada,2024-05-25 17:42:00,completed,
ORD-2024-570,4,"Address 570, City 18",Lazada,2024-05-25 10:13:00,completed,
ORD-2024-571,13,"Address 571, City 56",Website,2024-05-25 12:16:00,completed,
ORD-2024-572,12,"Address 572, City 20",Lazada,2024-05-25 17:47:00,completed,
ORD-2024-573,44,"Address 573, City 5",Shopee,2024-05-26 11:52:00,completed,
ORD-2024-574,16,"Address 574, City 15",Shopee,2024-05-26 11:00:00,completed,
ORD-2024-575,34,"Address 575, City 38",Website,2024-05-26 17:47:00,completed,
ORD-2024-576,42,"Address 576, City 46",Lazada,2024-05-27 15:37:00,completed,
ORD-2024-577,38,"Address 577, City 57",Shopee,2024-05-27 15:20:00,completed,
ORD-2024-578,6,"Address 578, City 20",Shopee,2024-05-27 11:32:00,completed,
ORD-2024-579,7,"Address 579, City 7",Website,2024-05-28 08:33:00,completed,
ORD-2024-580,5,"Address 580, City 8",Lazada,2024-05-28 18:15:00,completed,
ORD-2024-581,43,"Address 581, City 27",Website,2024-05-28 12:13:00,completed,
ORD-2024-582,8,"Address 582, City 9",Website,2024-05-29 14:57:00,completed,
ORD-2024-583,9,"Address 583, City 22",Shopee,2024-05-29 08:16:00,completed,
ORD-2024-584,24,"Address 584, City 56",Lazada,2024-05-29 16:14:00,completed,
ORD-2024-585,30,"Address 585, City 15",Lazada,2024-05-30 17:52:00,completed,
ORD-2024-586,50,"Address 586, City 34",Website,2024-05-30 09:21:00,completed,
ORD-2024-587,24,"Address 587, City 28",Shopee,2024-05-30 16:20:00,completed,
ORD-2024-588,20,"Address 588, City 2",Shopee,2024-05-31 09:13:00,completed,
ORD-2024-589,6,"Address 589, City 2",Website,2024-05-31 17:33:00,completed,
ORD-2024-590,42,"Address 590, City 8",Shopee,2024-05-31 13:05:00,completed,
ORD-2024-591,15,"Address 591, City 20",Lazada,2024-06-01 11:47:00,completed,
ORD-2024-592,44,"Address 592, City 10",Shopee,2024-06-01 17:48:00,completed,
ORD-2024-593,46,"Address 593, City 17",Lazada,2024-06-01 16:27:00,completed,
ORD-2024-594,43,"Address 594, City 11",Website,2024-06-01 12:44:00,completed,
ORD-2024-595,2,"Address 595, City 39",Website,2024-06-02 15:16:00,completed,
ORD-2024-596,30,"Address 596, City 38",Lazada,2024-06-02 15:33:00,completed,
ORD-2024-597,12,"Address 597, City 35",Shopee,2024-06-02 10:20:00,completed,
ORD-2024-598,5,"Address 598, City 30",Website,2024-06-02 09:35:00,completed,
ORD-2024-599,31,"Address 599, City 38",Lazada,2024-06-03 16:28:00,completed,
ORD-2024-600,11,"Address 600, City 4",Shopee,2024-06-03 08:44:00,completed,
ORD-2024-601,48,"Address 601, City 46",Lazada,2024-06-03 17:49:00,completed,
ORD-2024-602,3,"Address 602, City 58",Website,2024-06-03 13:09:00,completed,
ORD-2024-603,43,"Address 603, City 44",Lazada,2024-06-04 13:07:00,completed,
ORD-2024-604,3,"Address 604, City 41",Shopee,2024-06-04 16:07:00,completed,
ORD-2024-605,19,"Address 605, City 30",Shopee,2024-06-04 15:45:00,completed,
ORD-2024-606,29,"Address 606, City 27",Shopee,2024-06-04 14:46:00,completed,
ORD-2024-607,25,"Address 607, City 36",Shopee,2024-06-05 11:23:00,completed,
ORD-2024-608,49,"Address 608, City 6",Shopee,2024-06-05 12:09:00,completed,
ORD-2024-609,5,"Address 609, City 22",Website,2024-06-05 16:35:00,completed,
ORD-2024-610,11,"Address 610, City 48",Website,2024-06-05 11:33:00,completed,
ORD-2024-611,46,"Address 611, City 8",Lazada,2024-06-06 13:02:00,completed,
ORD-2024-612,22,"Address 612, City 6",Shopee,2024-06-06 10:47:00,completed,
ORD-2024-613,2,"Address 613, City 61",Shopee,2024-06-06 15:43:00,completed,
ORD-2024-614,2,"Address 614, City 15",Shopee,2024-06-06 18:08:00,completed,
ORD-2024-615,49,"Address 615, City 21",Website,2024-06-07 16:22:00,completed,
ORD-2024-616,14,"Address 616, City 58",Website,2024-06-07 09:10:00,completed,
ORD-2024-617,38,"Address 617, City 7",Website,2024-06-07 10:53:00,completed,
ORD-2024-618,27,"Address 618, City 24",Website,2024-06-07 12:00:00,completed,
ORD-2024-619,38,"Address 619, City 44",Lazada,2024-06-08 15:50:00,completed,
ORD-2024-620,19,"Address 620, City 32",Lazada,2024-06-08 15:34:00,completed,
ORD-2024-621,34,"Address 621, City 52",Website,2024-06-08 08:24:00,completed,
ORD-2024-622,4,"Address 622, City 39",Shopee,2024-06-08 17:52:00,completed,
ORD-2024-623,3,"Address 623, City 44",Shopee,2024-06-09 15:30:00,completed,
ORD-2024-624,38,"Address 624, City 27",Shopee,2024-06-09 10:25:00,completed,
ORD-2024-625,32,"Address 625, City 42",Website,2024-06-09 17:59:00,completed,
ORD-2024-626,27,"Address 626, City 26",Lazada,2024-06-09 15:16:00,completed,
ORD-2024-627,29,"Address 627, City 42",Shopee,2024-06-10 15:17:00,completed,
ORD-2024-628,17,"Address 628, City 21",Website,2024-06-10 15:11:00,completed,
ORD-2024-629,14,"Address 629, City 7",Website,2024-06-10 13:52:00,completed,
ORD-2024-630,3,"Address 630, City 32",Lazada,2024-06-10 18:55:00,completed,
ORD-2024-631,21,"Address 631, City 21",Shopee,2024-06-11 12:40:00,completed,
ORD-2024-632,39,"Address 632, City 34",Website,2024-06-11 12:52:00,completed,
ORD-2024-633,37,"Address 633, City 59",Lazada,2024-06-11 17:37:00,completed,
ORD-2024-634,17,"Address 634, City 52",Website,2024-06-11 15:56:00,completed,
ORD-2024-635,1,"Address 635, City 14",Shopee,2024-06-12 18:22:00,completed,
ORD-2024-636,41,"Address 636, City 31",Lazada,2024-06-12 08:26:00,completed,
ORD-2024-637,36,"Address 637, City 53",Website,2024-06-12 08:24:00,completed,
ORD-2024-638,18,"Address 638, City 29",Lazada,2024-06-12 13:00:00,completed,
ORD-2024-639,4,"Address 639, City 44",Lazada,2024-06-13 17:44:00,completed,
ORD-2024-640,18,"Address 640, City 34",Lazada,2024-06-13 08:41:00,completed,
ORD-2024-641,17,"Address 641, City 60",Shopee,2024-06-13 17:34:00,completed,
ORD-2024-642,7,"Address 642, City 46",Website,2024-06-13 12:04:00,completed,
ORD-2024-643,27,"Address 643, City 12",Shopee,2024-06-14 10:27:00,completed,
ORD-2024-644,32,"Address 644, City 57",Lazada,2024-06-14 17:47:00,completed,
ORD-2024-645,28,"Address 645, City 63",Shopee,2024-06-14 17:56:00,completed,
ORD-2024-646,46,"Address 646, City 20",Shopee,2024-06-14 08:10:00,completed,
ORD-2024-647,17,"Address 647, City 34",Shopee,2024-06-15 11:34:00,completed,
ORD-2024-648,50,"Address 648, City 27",Lazada,2024-06-15 15:15:00,completed,
ORD-2024-649,19,"Address 649, City 33",Lazada,2024-06-15 13:31:00,completed,
ORD-2024-650,19,"Address 650, City 42",Website,2024-06-15 10:47:00,completed,
ORD-2024-651,27,"Address 651, City 42",Lazada,2024-06-16 11:49:00,completed,
ORD-2024-652,14,"Address 652, City 7",Lazada,2024-06-16 17:28:00,completed,
ORD-2024-653,33,"Address 653, City 57",Lazada,2024-06-16 13:44:00,completed,
ORD-2024-654,24,"Address 654, City 41",Lazada,2024-06-16 12:54:00,completed,
ORD-2024-655,29,"Address 655, City 25",Website,2024-06-17 15:15:00,completed,
ORD-2024-656,13,"Address 656, City 21",Website,2024-06-17 17:11:00,completed,
ORD-2024-657,38,"Address 657, City 60",Shopee,2024-06-17 17:28:00,completed,
ORD-2024-658,35,"Address 658, City 62",Shopee,2024-06-17 12:50:00,completed,
ORD-2024-659,27,"Address 659, City 16",Lazada,2024-06-18 13:22:00,completed,
ORD-2024-660,44,"Address 660, City 8",Website,2024-06-18 08:41:00,completed,
ORD-2024-661,44,"Address 661, City 43",Lazada,2024-06-18 18:22:00,completed,
ORD-2024-662,33,"Address 662, City 48",Website,2024-06-18 18:57:00,completed,
ORD-2024-663,31,"Address 663, City 3",Shopee,2024-06-19 16:00:00,completed,
ORD-2024-664,12,"Address 664, City 7",Website,2024-06-19 17:42:00,completed,
ORD-2024-665,45,"Address 665, City 8",Website,2024-06-19 15:34:00,completed,
ORD-2024-666,49,"Address 666, City 60",Shopee,2024-06-19 10:07:00,completed,
ORD-2024-667,35,"Address 667, City 42",Shopee,2024-06-20 15:44:00,completed,
ORD-2024-668,44,"Address 668, City 43",Lazada,2024-06-20 18:28:00,completed,
ORD-2024-669,29,"Address 669, City 30",Website,2024-06-20 12:59:00,completed,
ORD-2024-670,35,"Address 670, City 29",Website,2024-06-20 09:44:00,completed,
ORD-2024-671,22,"Address 671, City 49",Lazada,2024-06-21 09:46:00,completed,
ORD-2024-672,39,"Address 672, City 24",Website,2024-06-21 16:10:00,completed,
ORD-2024-673,41,"Address 673, City 21",Lazada,2024-06-21 16:00:00,completed,
ORD-2024-674,33,"Address 674, City 11",Website,2024-06-21 11:50:00,completed,
ORD-2024-675,18,"Address 675, City 22",Lazada,2024-06-22 18:07:00,completed,
ORD-2024-676,30,"Address 676, City 10",Lazada,2024-06-22 13:45:00,completed,
ORD-2024-677,14,"Address 677, City 26",Lazada,2024-06-22 13:10:00,completed,
ORD-2024-678,43,"Address 678, City 49",Lazada,2024-06-22 08:21:00,completed,
ORD-2024-679,20,"Address 679, City 31",Website,2024-06-23 16:28:00,completed,
ORD-2024-680,21,"Address 680, City 48",Lazada,2024-06-23 10:26:00,completed,
ORD-2024-681,50,"Address 681, City 28",Lazada,2024-06-23 08:36:00,completed,
ORD-2024-682,34,"Address 682, City 18",Website,2024-06-23 13:57:00,completed,
ORD-2024-683,41,"Address 683, City 25",Lazada,2024-06-24 11:07:00,completed,
ORD-2024-684,35,"Address 684, City 62",Lazada,2024-06-24 11:31:00,completed,
ORD-2024-685,17,"Address 685, City 35",Lazada,2024-06-24 13:27:00,completed,
ORD-2024-686,7,"Address 686, City 36",Shopee,2024-06-24 12:58:00,completed,
ORD-2024-687,18,"Address 687, City 30",Lazada,2024-06-25 16:04:00,completed,
ORD-2024-688,26,"Address 688, City 55",Lazada,2024-06-25 12:47:00,completed,
ORD-2024-689,13,"Address 689, City 42",Website,2024-06-25 12:08:00,completed,
ORD-2024-690,10,"Address 690, City 25",Lazada,2024-06-25 18:43:00,completed,
ORD-2024-691,20,"Address 691, City 56",Lazada,2024-06-25 11:17:00,completed,
ORD-2024-692,8,"Address 692, City 57",Lazada,2024-06-25 12:40:00,completed,
ORD-2024-693,21,"Address 693, City 56",Website,2024-06-25 12:29:00,completed,
ORD-2024-694,28,"Address 694, City 33",Lazada,2024-06-25 11:48:00,completed,
ORD-2024-695,47,"Address 695, City 13",Website,2024-06-26 13:17:00,completed,
ORD-2024-696,14,"Address 696, City 3",Shopee,2024-06-26 09:26:00,completed,
ORD-2024-697,31,"Address 697, City 21",Website,2024-06-26 16:33:00,completed,
ORD-2024-698,16,"Address 698, City 41",Website,2024-06-26 15:57:00,completed,
ORD-2024-699,10,"Address 699, City 11",Website,2024-06-26 11:37:00,completed,
ORD-2024-700,16,"Address 700, City 49",Lazada,2024-06-26 14:21:00,completed,
ORD-2024-701,41,"Address 701, City 3",Shopee,2024-06-26 17:14:00,completed,
ORD-2024-702,41,"Address 702, City 62",Shopee,2024-06-26 18:40:00,completed,
ORD-2024-703,50,"Address 703, City 29",Lazada,2024-06-27 08:49:00,completed,
ORD-2024-704,4,"Address 704, City 19",Shopee,2024-06-27 13:41:00,completed,
ORD-2024-705,2,"Address 705, City 16",Website,2024-06-27 09:14:00,completed,
ORD-2024-706,41,"Address 706, City 4",Lazada,2024-06-27 09:10:00,completed,
ORD-2024-707,38,"Address 707, City 16",Lazada,2024-06-27 16:44:00,completed,
ORD-2024-708,16,"Address 708, City 2",Lazada,2024-06-27 18:39:00,completed,
ORD-2024-709,35,"Address 709, City 54",Lazada,2024-06-27 11:57:00,completed,
ORD-2024-710,19,"Address 710, City 52",Shopee,2024-06-27 12:05:00,completed,
ORD-2024-711,21,"Address 711, City 25",Shopee,2024-06-28 13:35:00,completed,
ORD-2024-712,45,"Address 712, City 11",Website,2024-06-28 11:24:00,completed,
ORD-2024-713,41,"Address 713, City 17",Shopee,2024-06-28 11:43:00,completed,
ORD-2024-714,5,"Address 714, City 35",Lazada,2024-06-28 08:20:00,completed,
ORD-2024-715,5,"Address 715, City 42",Website,2024-06-28 17:24:00,completed,
ORD-2024-716,8,"Address 716, City 41",Website,2024-06-28 10:03:00,completed,
ORD-2024-717,13,"Address 717, City 33",Website,2024-06-28 12:02:00,completed,
ORD-2024-718,25,"Address 718, City 59",Website,2024-06-28 17:52:00,completed,
ORD-2024-719,49,"Address 719, City 55",Website,2024-06-29 08:17:00,completed,
ORD-2024-720,9,"Address 720, City 61",Lazada,2024-06-29 10:29:00,completed,
ORD-2024-721,10,"Address 721, City 35",Website,2024-06-29 14:11:00,completed,
ORD-2024-722,50,"Address 722, City 48",Lazada,2024-06-29 17:41:00,completed,
ORD-2024-723,3,"Address 723, City 21",Lazada,2024-06-29 11:15:00,completed,
ORD-2024-724,4,"Address 724, City 41",Lazada,2024-06-29 08:20:00,completed,
ORD-2024-725,25,"Address 725, City 38",Lazada,2024-06-29 11:46:00,completed,
ORD-2024-726,3,"Address 726, City 17",Website,2024-06-29 14:57:00,completed,
ORD-2024-727,47,"Address 727, City 4",Website,2024-06-30 13:42:00,completed,
ORD-2024-728,14,"Address 728, City 18",Shopee,2024-06-30 16:20:00,completed,
ORD-2024-729,48,"Address 729, City 27",Shopee,2024-06-30 14:49:00,completed,
ORD-2024-730,40,"Address 730, City 7",Website,2024-06-30 14:05:00,completed,
ORD-2024-731,40,"Address 731, City 33",Lazada,2024-06-30 13:44:00,completed,
ORD-2024-732,49,"Address 732, City 47",Lazada,2024-06-30 09:33:00,completed,
ORD-2024-733,10,"Address 733, City 3",Shopee,2024-06-30 10:31:00,completed,
ORD-2024-734,5,"Address 734, City 43",Website,2024-06-30 11:37:00,completed,
